EIN,NAME,ICO,STREET,CITY,STATE,ZIP,GROUP,SUBSECTION,AFFILIATION,CLASSIFICATION,RULING,DEDUCTIBILITY,FOUNDATION,ACTIVITY,ORGANIZATION,STATUS,TAX_PERIOD,ASSET_CD,INCOME_CD,FILING_REQ_CD,PF_FILING_REQ_CD,ACCT_PD,ASSET_AMT,INCOME_AMT,REVENUE_AMT,NTEE_CD,SORT_NAME
010840366,ELDORADO CHILDRENS THEATRE,% ELISE A LINCOLN,13 MELADO DR,SANTA FE,NM,87508-2255,0000,03,3,1000,200511,1,16,000000000,1,01,202506,0,0,02,0,06,0.0,0.0,0.0,A65,
010848334,THE STORYDANCER PROJECT INC,% CHARA NELSON,369 MONTEZUMA AVE 490,SANTA FE,NM,87501-2835,0000,03,3,1000,200603,1,15,000000000,1,01,202412,3,4,01,0,12,77135.0,133056.0,133056.0,A99,
010870795,SMOKIN BACHI TAIKO INC,% BRIAN VALINSKI,1000 CORDOVA PLACE BOX 327,SANTA FE,NM,87505-1725,0000,03,3,2000,201106,1,16,000000000,1,01,202601,0,0,02,0,01,0.0,0.0,0.0,A20,
030368193,ANDEAN TEXTILE ARTS INC,% LES ISHIKAWA TREASURER,PMB 428 7 AVENIDA VISTA GRANDE B-7,SANTA FE,NM,87508-9207,0000,03,3,1000,200109,1,15,000000000,1,01,202512,4,3,01,0,12,153888.0,98385.0,98385.0,A20,
030523638,FRIENDS OF CORONADO STATE MONUMENT INC KUAUA PUEBLO,% TIMOTHY S LONG,485 KUAVA ST,BERNALILLO,NM,87004-7099,0000,03,3,1000,200404,1,15,000000000,1,01,202412,4,4,01,0,12,132186.0,139428.0,62986.0,A80,
030550727,LULLABY PROJECT INC,% ANITA NUGENT,7 JESUS GONZALES RD,GLORIETA,NM,87535-7014,0000,03,3,1000,200502,1,16,000000000,1,01,202412,0,0,02,0,12,0.0,0.0,0.0,A68,
030553921,METAMORFOSIS DOCUMENTATION PROJECT INC,,6 CAMINO DEL SOL,SANTA FE,NM,87508-8146,0000,03,3,1000,200503,1,15,000000000,1,01,202412,0,0,02,0,12,0.0,0.0,0.0,A31,
043184969,PRINCIPLES OF KNOWLEDGE REPRESENTATION & REASONING INC,% CAO SON TRAN,PO BOX 30001,LAS CRUCES,NM,88003-8001,0000,03,3,1000,199306,1,04,995124125,1,01,202412,3,3,00,1,12,94696.0,52964.0,,A70Z,
043766680,AFRICAN AMERICAN MUSEUM & CULTURAL CENTER OF NEW MEXICO,% RITA A POWDRELL,5209 4TH ST NW,ALBUQUERQUE,NM,87107-5102,0000,03,3,1200,200503,1,15,000000000,1,01,202412,2,1,02,0,12,17566.0,2374.0,2374.0,A50,
113740301,ST ANDREW SCOTTISH SOCIETY OF NEW MEXICO,% JOHN GLYNN TREASURER,PO BOX 27288,ALBUQUERQUE,NM,87125-7288,0000,03,3,1000,200903,1,16,000000000,1,01,202603,0,0,02,0,03,0.0,0.0,0.0,A23,
113749834,LIVING LABYRINTHS FOR PEACE INC,% SANDRA WASKO-FLOOD,PO BOX 406,ANGEL FIRE,NM,87710-0406,0000,03,3,1000,200702,1,15,000000000,1,01,202412,0,0,02,0,12,0.0,0.0,0.0,A20,LLP
113794458,TURQUOISE TRAIL PRESERVATION TRUST,% TONI OLSON,1365 STATE ROAD 344,SANDIA PARK,NM,87047-9631,0000,03,3,1200,200709,1,16,000000000,1,01,202412,0,0,02,0,12,0.0,0.0,0.0,A80,
133528799,OASIS THEATRE COMPANY INC,% JAMES JENNER,PO BOX 1242,ABIQUIU,NM,87510-1242,0000,03,3,2000,199105,1,15,088000000,1,01,202506,0,0,02,0,06,0.0,0.0,0.0,A650,
133897031,CONWAY & PRATT PROJECTS INC,,198A COUNTY ROAD 84,SANTA FE,NM,87506-2781,0000,03,3,2000,199702,1,15,090119000,1,01,202506,0,0,02,0,06,0.0,0.0,0.0,A600,
134216672,NEW MEXICO GOURD SOCIETY,% ANN REILLY,10512 VECCHIO DR NW,ALBUQUERQUE,NM,87114-4790,0000,03,3,1200,200304,1,15,000000000,1,01,202412,0,0,02,0,12,0.0,0.0,0.0,A25,
134231628,ELDORADO ARTS AND CRAFTS ASSOCIATION,% KRIS PALEK,7 AVENIDA VISTA GRANDE B-7 PMB 261,SANTA FE,NM,87508-9207,0000,04,3,3000,200306,2,00,000000000,1,01,202412,2,3,01,0,12,21565.0,69334.0,69334.0,A20,
136161708,MILLICENT ROGERS MUSEUM INC,% JONNALYNN MANDELBAUM,PO BOX 1210,TAOS,NM,87571-1210,0000,03,3,1000,197907,1,15,000000000,5,01,202412,6,5,01,0,12,2136156.0,874585.0,874585.0,A500,
141974492,FRIENDS OF DH LAWRENCE,% PAM BRODY,1267 MESA VISTA RD,EL PRADO,NM,87529-7436,0000,03,3,1200,200612,1,15,000000000,1,01,202506,0,0,02,0,06,0.0,0.0,0.0,A12,
141997383,RADIUS BOOKS INC,% DAVID CHICKEY,227 E PALACE AVE STE W,SANTA FE,NM,87501-2043,0000,03,3,1000,200910,1,15,000000000,1,01,202412,6,6,01,0,12,4547202.0,2488108.0,1563107.0,A33,
200044532,SOCORRO AMATEUR RADIO ASSOCIATION,% JAMES LOMMEN,800 BUFORD DR,SOCORRO,NM,87801-4024,0000,03,3,1000,200610,1,16,000000000,1,01,202505,0,0,02,0,05,0.0,0.0,0.0,A34,
200438447,JOURNEYS IN FILM,% JOANNE S ASHE,50 SANDIA LN,PLACITAS,NM,87043-9202,0000,03,3,2000,200406,1,16,000000000,1,01,202512,3,4,01,0,12,76642.0,129250.0,129250.0,A31,
200694500,CENTER FOR PHOTOGRAPHIC HISTORY AND TECHNOLOGY,% BOSTICK & SULLIVAN,1541 CENTER DR,SANTA FE,NM,87507-9743,0000,03,3,2000,200506,1,15,000000000,1,01,202412,0,0,02,0,12,0.0,0.0,0.0,A40,
200879484,MINOR HERON INCORPORATED,% ANNE MACNAUGHTON,512 CAMINO SAN MIGUEL,TAOS,NM,87571-4394,0000,03,3,2000,200509,1,15,000000000,1,01,202412,0,0,02,0,12,0.0,0.0,0.0,A70,MINOR HERON PRESS
201155469,4 ARTS PRODUCTIONS INC,% GEORGE H JARDEN JR,PO BOX 550,LAS CRUCES,NM,88004-0550,0000,03,3,1200,200411,1,15,000000000,1,01,202412,0,0,02,0,12,0.0,0.0,0.0,A60,
201462329,METTA THEATRE,% BRUCE MCINTOSH,PO BOX 56,EL PRADO,NM,87529-0056,0000,03,3,1000,200608,1,15,000000000,1,01,202412,0,0,02,0,12,0.0,0.0,0.0,A65,
201480842,LINCOLN COUNTY COMMUNITY THEATRE INC,% LEA KEYLON,108 SULKEY,NOGAL,NM,88341-9532,0000,03,3,1200,201811,1,15,000000000,1,01,202512,0,0,02,0,12,0.0,0.0,0.0,A60,
201505972,PANDEMONIUM PRODUCTIONS INC,% NANCY SMITH LESLIE,6532 CAMINO ROJO,SANTA FE,NM,87507-3291,0000,03,3,2000,200505,1,11,000000000,1,01,202412,1,3,01,0,12,1.0,66396.0,66396.0,A65,
201892142,THE PARTNERSHIP FOR ARTS IN,% WILLIAM BECKELHIMER,1904 DARTMOUTH DR NE,ALBUQUERQUE,NM,87106-1717,0000,03,3,1200,202401,1,15,000000000,1,01,202407,0,0,02,0,07,0.0,0.0,0.0,A99,
201923264,FIRST BI-LINGUAL CHRISTIAN MINISTERIAL ASSOCIATION,% RAYMOND PADILLA,1600 N SAN MATEO ST,HOBBS,NM,88240-3637,0000,03,3,2700,201905,1,04,000000000,1,01,202412,1,1,00,1,12,1481.0,3240.0,,A34,
202263522,NEW MEXICO EUSKAL ETXEA,% BLAS UBERUAGA,PO BOX 31836,SANTA FE,NM,87594-1836,0000,03,3,2000,200610,1,15,000000000,1,01,202512,0,0,02,0,12,0.0,0.0,0.0,A23,
202268814,SOUTHWEST MODEL RAILROAD MUSEUM,% JAMES MCKELVEY,118 S SECOND ST,BELEN,NM,87002-4307,0000,03,3,1000,200608,1,16,000000000,5,01,202503,0,0,02,0,03,0.0,0.0,0.0,A80,
202297885,JAL HISTORICAL SOCIETY & MUSEUM INCORPORATED,% BRIAN NORWOOD,PO BOX 1206,JAL,NM,88252-1206,0000,03,3,2000,200602,1,15,000000000,1,01,202512,0,0,02,0,12,0.0,0.0,0.0,A54,
202457936,CREATIVE SANTA FE,% CLARK HULSE,PO BOX 2388,SANTA FE,NM,87504-2388,0000,03,3,1000,200601,1,15,000000000,1,01,202412,4,5,01,0,12,104751.0,560299.0,475878.0,A20,
202854463,EAST MOUNTAIN HISTORICAL SOCIETY,% ANABEL SANCHEZ,PO BOX 106,TIJERAS,NM,87059-0106,0000,03,3,1000,200608,1,15,000000000,1,01,202512,0,0,02,0,12,0.0,0.0,0.0,A80,
203135445,CARRIZOZO HERITAGE MUSEUM,% RENE BURTON,PO BOX 16,CARRIZOZO,NM,88301-0016,0000,03,3,1200,200705,1,15,000000000,1,01,202512,0,0,02,0,12,0.0,0.0,0.0,A50,
203488740,NEW MEXICO WOMEN IN FILM,% CHRISTINE MCHUGH,PO BOX 33351,SANTA FE,NM,87594-3351,0000,03,3,2100,200609,1,15,000000000,1,01,202512,0,0,02,0,12,0.0,0.0,0.0,A31,
203845643,EL RANCHO DE LAS GOLONDRINAS INC,% DAWN ST GEORGE,334 LOS PINOS RD,SANTA FE,NM,87507-4363,0000,03,3,1000,200603,1,15,000000000,1,01,202412,8,6,01,0,12,23009499.0,1989311.0,1959450.0,A50,
203859926,DANCE FUN RAISERS,% JERILYN TIMLIN,1528 EUBANK BLVD NE,ALBUQUERQUE,NM,87112-4113,0000,03,3,1200,200702,1,15,000000000,1,01,202412,0,0,02,0,12,0.0,0.0,0.0,A11,
203922979,MAINSTREET LAS VEGAS INC,% JOHN M PERANTEAU,PO BOX 877,LAS VEGAS,NM,87701-0877,0000,03,3,1000,200703,1,15,000000000,1,01,202412,2,3,01,0,12,22312.0,85591.0,85591.0,A80,
205684231,MONTAGE MUSIC SOCIETY INC,% DEBRA AYERS,6 ALTAZANO DR,SANTA FE,NM,87505-8111,0000,03,3,1000,200702,1,16,000000000,1,01,202507,0,0,02,0,07,0.0,0.0,0.0,A68,
205757302,NIHI DINE BA DBA DINE BA,% JOHN D PRUIT,PO BOX 2798,SHIPROCK,NM,87420-2798,0000,03,3,2000,200710,1,16,000000000,1,01,202312,0,0,02,0,12,0.0,0.0,0.0,A23,
205973077,AMADOR HOTEL FOUNDATION INC,% HEATHER POLLARD,PO BOX 1268,LAS CRUCES,NM,88004-1268,0000,03,3,1000,200709,1,15,000000000,1,01,202412,0,0,02,0,12,0.0,0.0,0.0,A50,
208144491,CLAYTON MAIN STREET,% LEROY WOOD,PO BOX 105,CLAYTON,NM,88415-0105,0000,03,3,1000,201408,1,15,000000000,1,01,202512,4,4,01,0,12,103164.0,173069.0,139882.0,A82,
208540744,516 ARTS,% SUZANNE SBARGE PRESIDENT,516 CENTRAL AVE SW,ALBUQUERQUE,NM,87102-3114,0000,03,3,1200,200707,1,15,000000000,1,01,202412,6,4,01,0,12,1350672.0,396556.0,383975.0,A51,
208803707,ALBUQUERQUE THEATRE GUILD,% CLAUDIA MATHES,PO BOX 26395,ALBUQUERQUE,NM,87125-6395,0000,03,3,1000,200804,1,16,000000000,1,01,202506,0,0,02,0,06,0.0,0.0,0.0,A26,
222663603,SOUND DIRECTIONS INC,,4473 DANCING GROUND RD,SANTA FE,NM,87507-0820,0000,03,3,1000,198602,1,16,090995119,1,01,202505,0,0,02,0,05,0.0,0.0,0.0,A68M,
223864302,SINATRA-DEVINE PRODUCTIONS INC,% PAUL JAMES SEDILLO,4119 DIETZ LOOP NW,LOS RANCHOS,NM,87107-3212,0000,03,3,1000,200302,1,16,000000000,1,01,202512,0,0,02,0,12,0.0,0.0,0.0,A65,
237068978,CARLSBAD AREA ART ASSOCIATION INC,,PO BOX 66,CARLSBAD,NM,88221-0066,0000,03,3,2000,197006,1,16,065207059,1,01,202512,4,3,01,0,12,116014.0,98315.0,98315.0,A260,
237093144,SAN JUAN COUNTY MUSEUM ASSOCIATION,,PO BOX 125,BLOOMFIELD,NM,87413-0125,0000,03,3,1200,197102,1,15,062060000,1,01,202410,6,6,01,0,10,2120521.0,1362040.0,1327528.0,A560,
237247909,NEW MEXICO BALLET COMPANY,,PO BOX 21518,ALBUQUERQUE,NM,87154-1518,0000,03,3,1000,201709,1,15,088000000,1,01,202506,6,6,01,0,06,1530022.0,1016775.0,1006454.0,A63,
237250293,HIGH PLAINS HISTORICAL FOUNDATION INC CLOVIS NEW MEXICO,,PO BOX 1323,CLOVIS,NM,88102-1323,0000,03,3,1200,201506,1,16,059062000,1,01,202412,0,0,02,0,12,0.0,0.0,0.0,A80,
237262250,AZTEC MUSEUM ASSOCIATION,,125 N MAIN AVE,AZTEC,NM,87410-1923,0000,03,3,1200,197512,1,15,060000000,1,01,202412,5,4,01,0,12,847060.0,102269.0,97449.0,A540,
237314812,OPERA SOUTHWEST,,PO BOX 27671,ALBUQUERQUE,NM,87125-7671,0000,03,3,1000,197311,1,15,088089090,1,01,202505,6,6,01,0,05,1730701.0,1726739.0,1679305.0,A6A0,
237368983,CLUB CULUTURALE ITALIANO INC,% JOE SANTANGELO,12409 CORONADO AVE NE,ALBUQUERQUE,NM,87122-1061,0000,04,3,3000,201807,2,00,039000000,5,01,202412,0,0,02,0,12,0.0,0.0,0.0,A23,
237377944,MORMON BATTALION ASSOCIATION,% COMMANDER,8610 PRESIDENT PL NE,ALBUQUERQUE,NM,87113-2571,0000,03,3,2000,202006,1,16,062000000,1,01,202512,0,0,02,0,12,0.0,0.0,0.0,A82,
237434944,NEW MEXICO WATERCOLOR SOCIETY,% ARIAN PREGENZER,PO BOX 11604,ALBUQUERQUE,NM,87192-0604,0000,03,3,1000,200506,1,16,205000000,1,01,202506,5,3,01,0,06,526256.0,52194.0,52194.0,A51,
237447655,ADVENTURES IN ANTHROPOLOGY,% JERRY VAUGHN,PO BOX 21598,ALBUQUERQUE,NM,87154-0000,0000,03,3,1000,197502,1,15,600000000,1,01,202306,0,0,02,0,06,0.0,0.0,0.0,A115,
260262811,CONCORDIA SANTA FE,% JANET YAKER MURRAY,PO BOX 10102,SANTA FE,NM,87504-6102,0000,03,3,1200,201710,1,15,000000000,1,01,202512,0,0,02,0,12,0.0,0.0,0.0,A6C,
260352422,TAOS YOUTH MUSIC SCHOOL,% ANGELA PACHECO,208 CAMINO DEL SANTIAGO,TAOS,NM,87571-4306,0000,03,3,1000,200801,1,15,000000000,1,01,202412,0,0,02,0,12,0.0,0.0,0.0,A68,TYMS
261146265,BATTALION TREK,% DENNY HENSON,8610 PRESIDENT PL NE,ALBUQUERQUE,NM,87113-2571,0000,03,3,2000,200802,1,15,000000000,1,01,202512,0,0,02,0,12,0.0,0.0,0.0,A80,
261406583,POLYPHONY VOICES OF NEW MEXICO,% MAXINE THEVENOT,7327 OLD PECOS TRL NE,ALBUQUERQUE,NM,87113-1323,0000,03,3,1200,200803,1,15,000000000,1,01,202412,2,4,01,0,12,21845.0,134793.0,134793.0,A68,
261490923,LANDMARK MUSICALS,% MYRA COCHNAR,PO BOX 6708,ALBUQUERQUE,NM,87197-6708,0000,03,3,2000,200808,1,16,000000000,1,01,202412,1,4,01,0,12,1348.0,102636.0,102636.0,A60,
261642784,BEAD SOCIETY OF NEW MEXICO,% GERI VERBLE,PO BOX 91655,ALBUQUERQUE,NM,87199-1655,0000,03,3,2000,201610,1,16,000000000,5,01,202512,0,0,02,0,12,0.0,0.0,0.0,A20,
261656689,INDIGENOUSWAYS,% NA,PO BOX 4073,SANTA FE,NM,87502-4073,0000,03,3,1000,200803,1,15,000000000,1,01,202412,3,4,01,0,12,56380.0,260757.0,260757.0,A60,
261713762,GUITAR NEW MEXICO,% PAUL NIELSEN,3019 CONCHAS ST NE,ALBUQUERQUE,NM,87111-4744,0000,03,3,1000,200809,1,16,000000000,1,01,202512,0,0,02,0,12,0.0,0.0,0.0,A61,
262025474,THREE RIVERS ART CENTER,% CATHERINE THOMAS-KEMP,123 W MAIN ST,FARMINGTON,NM,87401-6242,0000,03,3,2000,201004,1,16,000000000,1,01,202412,0,0,02,0,12,0.0,0.0,0.0,A20,
262180552,HIGH DESERT AMATEUR RADIO CLUB OF NEW MEXICO INC,% ROBERT E WITTER,1003 ROBIN RD SE,RIO RANCHO,NM,87124-2035,0000,03,3,1280,201505,1,16,000000000,1,01,202512,0,0,02,0,12,0.0,0.0,0.0,A34,
262261976,INTERNATIONAL ART COLLECTIVE INC,% JASON DOWNING,2 REBECCA RD S,MORIARTY,NM,87035-5439,0000,03,3,2000,200904,1,15,000000000,1,01,202509,0,0,02,0,09,0.0,0.0,0.0,A20,
262893584,FRIENDS OF BEAR CANYON,,4645 PITT ST NE,ALBUQUERQUE,NM,87111-6012,0000,03,3,1000,201705,1,15,000000000,5,01,202512,0,0,02,0,12,0.0,0.0,0.0,A12,
262964357,PATRICIA ARSCOTT LA FARGE FOUNDATION FOR FOLK ART,% KENNETH BATEMAN,PO BOX 31182,SANTA FE,NM,87594-1182,0000,03,3,1000,200810,1,03,000000000,1,01,202412,4,3,00,1,12,271468.0,55987.0,,A20,
263043783,COMMEMORATIVE AIR FORCE,% SCOTT WITSCHGER,9821 OAKLAND AVE NE,ALBUQUERQUE,NM,87122-3932,5545,03,9,1000,200904,1,15,000000000,1,01,202512,0,0,02,0,12,0.0,0.0,0.0,A50,NEW MEXICO AMERICAN AIRPOWER HERITA
263095228,ACOMA HAAK U FOUNDATION INC,% CONNIE GARCIA,PO BOX 309,ACOMA,NM,87034-0309,0000,03,3,1200,201001,1,15,000000000,1,01,,0,0,14,0,12,,,,A11,
263433153,TARNOFF ART CENTER,% SHERWIN TARNOFF,7 AVENIDA VISTA GRANDE STE B7 185,SANTA FE,NM,87508-9207,0000,03,3,2100,200907,1,15,000000000,1,01,202512,0,0,02,0,12,0.0,0.0,0.0,A40,
263467012,EL KOOKOOEE EDUCATIONAL ASSOCIATION,% JOANNE EEKHOFF,7521 SANTIAGO RD SW,ALBUQUERQUE,NM,87105-7240,0000,03,3,2000,202312,1,15,000000000,5,01,202512,0,0,02,0,12,0.0,0.0,0.0,A03,
263751094,OJO CALIENTE RESTORATION SOCIETY,% PAUL A MARTINEZ,2711 WINSTON AVE,LAS CRUCES,NM,88005-1322,0000,03,3,1200,201202,1,15,000000000,1,01,202506,0,0,02,0,06,0.0,0.0,0.0,A23,CHIHENE NDE WARM SPRINGS BAND
264037273,WESTERN CAST IRON ART ALLIANCE INC,% DAVID M LOBDELL,16338THST,LASVEGAS,NM,87701-0000,0000,03,3,1000,201010,1,15,000000000,1,01,202512,0,0,02,0,12,0.0,0.0,0.0,A03,
264538232,TAOS OPERA INSTITUTE,% MARK CRAIG,309 MORGAN RD,TAOS,NM,87571-4417,0000,03,3,2000,201003,1,16,000000000,1,01,202412,3,4,01,0,12,30646.0,189068.0,189068.0,A25,
264724719,HEREKEKE,% PEGGY CHUNG,HC 81 BOX 10,QUESTA,NM,87556-9500,0000,03,3,1200,201605,1,16,000000000,1,01,202412,0,0,02,0,12,0.0,0.0,0.0,A20,
270118569,LITTLE GLOBE INC,,PO BOX 24213,SANTA FE,NM,87502-9213,0000,03,3,1000,200610,1,15,000000000,1,01,202412,4,4,01,0,12,122876.0,303792.0,303792.0,A60,
270298458,WALKER AVIATION MUSEUM FOUNDATION,% ALLIE BISHOP,PO BOX 118,ROSWELL,NM,88202-0118,0000,03,3,1200,200911,1,15,000000000,1,01,202512,0,0,02,0,12,0.0,0.0,0.0,A12,
270319821,RIO GRANDE SYMPHONIC BAND,% JOHN EMORY,PO BOX 15407,RIO RANCHO,NM,87174-0407,0000,03,3,1000,201009,1,15,000000000,1,01,202512,0,0,02,0,12,0.0,0.0,0.0,A60,
270331371,SOUTHWESTERN ARTS ALLIANCE INC,% MICHAEL FRANCIS,PO BOX 225,HONDO,NM,88336-0225,0000,03,3,2000,200911,1,15,000000000,1,01,202506,0,0,02,0,06,0.0,0.0,0.0,A40,
270410452,TEATRO PARAGUAS INC,% JOHN MACCALLUM,3205 CALLE MARIE,SANTA FE,NM,87507-7312,0000,03,3,1200,201002,1,15,000000000,1,01,202506,4,4,01,0,06,120501.0,183592.0,183592.0,A65,TEATRO PARAGUAS
270824676,STRING ACADEMY OF THE PLAINS INC,% PRISCILLA HALLBERG,3000 CALLE DE ALAMO NW,ALBUQUERQUE,NM,87104-3151,0000,03,3,2000,201107,1,15,000000000,1,01,202512,0,0,02,0,12,0.0,0.0,0.0,A20,STRING ACADEMY OF THE SOUTHWEST
270856684,EMPOWER NEW MEXICO INC,% CAROL BAUMGARTEL,119 SUNLIT DR W,SANTA FE,NM,87508-9383,0000,03,3,2000,201011,1,15,000000000,1,01,202412,0,0,02,0,12,0.0,0.0,0.0,A20,
270918016,NOB HILL MAINSTREET,% CHRIS SMITH,300 MENAUL BLVD NW STE A PMB 522,ALBUQUERQUE,NM,87107-1347,0000,03,3,1200,201004,1,15,000000000,1,01,202412,2,4,01,0,12,22470.0,105450.0,102450.0,A80,
270987342,NATIONAL ART EDUCATION ASSOCIATION,% STEVEN HEIL,8820 JAMES AVE NE,ALBUQUERQUE,NM,87111-3231,5750,03,9,2000,201008,1,16,000000000,1,01,202412,0,0,02,0,12,0.0,0.0,0.0,A03,NEW MEXICO ART EDUCATION ASSOCIATIO
271043152,MESILLA VALLEY PRESERVATION INC,% ERIC LIEFELD,PO BOX 1780,MESILLA,NM,88046-1780,0000,03,3,1200,201405,1,15,000000000,1,01,202412,0,0,02,0,12,0.0,0.0,0.0,A80,
271122662,SANTA FE HIGH SCHOOL CHOIR BOOSTER CLUB,% MARILY BARNES,2100 YUCCA ST,SANTA FE,NM,87505-5456,0000,03,3,1200,202507,1,15,000000000,5,01,202107,0,0,02,0,12,0.0,0.0,0.0,A69,
271148446,NEW MEXICO PHILHARMONIC INC,% CARLA LEHMEIER,3035 MENAUL BLVD NE STE 2,ALBUQUERQUE,NM,87107-1581,0000,03,3,1200,201007,1,15,000000000,1,01,202408,5,6,01,0,08,837492.0,3224468.0,3145401.0,A69,
271162666,ENCAUSTIC ART INC,% DOUGLAS MEHRENS,18 COUNTY ROAD 55A,CERRILLOS,NM,87010-9779,0000,03,3,1000,201106,1,15,000000000,1,01,202512,0,0,02,0,12,0.0,0.0,0.0,A40,
271168518,CENTER FOR PHOTOGRAPHIC EXPRESSION,% WILLIAM MENKE,25 DAYFLOWER DR,SANTA FE,NM,87506-9538,0000,03,3,2000,201002,1,16,000000000,1,01,202412,0,0,02,0,12,0.0,0.0,0.0,A40,CENTER FOR PHOTOGRAPHIC ARTS
271175704,WORKING CLASS THEATRE,% RONALD J USHERWOOD,PO BOX 1431,TAOS,NM,87571-1431,0000,03,3,1000,201012,1,15,000000000,1,01,202412,0,0,02,0,12,0.0,0.0,0.0,A65,
271186542,UR ARTS & CULTURE INC,,425 GLORIETA ST NE,ALBUQUERQUE,NM,87123-1120,0000,03,3,2100,201008,1,15,000000000,1,01,202512,1,2,02,0,12,425.0,22370.0,22370.0,A23,
271186623,AVOKADO ARTISTS INC,% TOM FROUGE,25 JUNIPER RD,PLACITAS,NM,87043-9125,0000,03,3,2100,201005,1,15,000000000,1,01,202412,4,4,02,0,12,121418.0,236815.0,0.0,A6C,
271202542,MUSIC GUILD OF NEW MEXICO INC,% JENICA L JACOBI,PO BOX 3458,ALBUQUERQUE,NM,87190-3458,0000,03,3,2000,201004,1,15,000000000,1,01,202505,4,4,01,0,05,180819.0,113045.0,113045.0,A69,
271388986,VADO HISTORICIAL SOCIETY,% JOHN HOLGUIN,615 HOLGUIN RD,VADO,NM,88072-7211,0000,03,3,2000,202409,1,04,000000000,5,01,,0,0,00,1,12,,,,A82,
271715603,CONTEMPORARY HISPANIC MARKET INC,% RAMONA VIGIL-EASTWOOD,10808 CONSTITUTION AVE NE,ALBUQUERQUE,NM,87112-5430,0000,03,3,1000,201007,1,16,000000000,1,01,202512,2,3,01,0,12,24441.0,68882.0,68882.0,A40,
271952245,HOBBS JUNETEENTH COMMITTEE,% JACQULINE C MARSHALL,1219 E MAIN ST,HOBBS,NM,88240-7054,0000,03,3,1230,201606,1,15,000000000,1,01,202512,0,0,02,0,12,0.0,0.0,0.0,A80,
271993089,FESTIVAL BALLET ALBUQUERQUE,% PATRICIA DICKINSON,535 BLACK BEAR RD NE,ALBUQUERQUE,NM,87122-1815,0000,03,3,1200,201004,1,16,000000000,1,01,202512,3,4,01,0,12,38593.0,270080.0,261013.0,A63,
272238321,SAN ANTONIO DEL RIO COLORADO HISTORICAL PRESERVATION,,PO BOX 534,QUESTA,NM,87556-0534,0000,03,3,1000,201007,1,15,000000000,1,01,202312,0,0,02,0,12,0.0,0.0,0.0,A80,
272581872,FRIENDS OF THE NEW MEXICO FARM AND RANCH HERITAGE MUSEUM,% BOB BARNES,4100 DRIPPING SPRINGS RD,LAS CRUCES,NM,88011-5067,0000,03,3,1000,201008,1,16,000000000,1,01,202406,4,3,01,0,06,173648.0,60722.0,60722.0,A50,
272594746,MAINSTREET TRUTH OR CONSEQUENCES,% LINDA DEMARINO,PO BOX 1602,T OR C,NM,87901-4602,0000,03,3,8000,201301,1,15,000000000,1,01,202306,3,3,01,0,06,37072.0,56802.0,56802.0,A80,
272877560,CASA FLAMENCA INC,% CARMEN DUPERRON,401 RIO GRANDE BLVD NW,ALBUQUERQUE,NM,87104-1568,0000,03,3,1200,202301,1,15,000000000,1,01,202412,1,4,01,0,12,3664.0,171061.0,171061.0,A25,
273001486,FRIENDS OF THE TAYLOR FAMILY MONUMENT,,PO BOX 1305,MESILLA,NM,88046-1305,0000,03,3,1200,201102,1,15,000000000,1,01,202412,0,0,02,0,12,0.0,0.0,0.0,A54,
273340364,SKY VELVET VASSAR MUSIC FOUNDATION,,3939 RIO GRANDE BLVD NW2,ALBUQUERQUE,NM,87107-3147,0000,03,3,1000,201408,1,15,000000000,1,01,202512,0,0,02,0,12,0.0,0.0,0.0,A60,
273432429,SACRED SITES RESEARCH INC,% PAULA LOENDORF,6220 MOJAVE ST NW,ALBUQUERQUE,NM,87120-4821,0000,03,3,1200,201102,1,15,000000000,1,01,202412,4,4,01,0,12,264065.0,259543.0,259543.0,A23,
273451167,SANTA FE ARTISTS MARKET INC,% SANTA FE ARTISTS MARKET,PO BOX 28880,SANTA FE,NM,87592-8880,0000,04,3,1000,201211,2,00,000000000,1,01,202512,3,4,01,0,12,27321.0,137950.0,137950.0,A20,
273584624,PERFORMING ARTS FOUNDATION OF LUNA COUNTY,% BETTE WATERS,PO BOX 1316,COLUMBUS,NM,88029-1316,0000,03,3,1000,201110,1,16,000000000,1,01,202408,0,0,02,0,08,0.0,0.0,0.0,A65,
273934499,ENCUENTRO MILONGUERO,% DVORA KANEGIS,10709 SANTA MONICA DR NE,ALBUQUERQUE,NM,87122-3528,0000,03,3,2000,201609,1,16,000000000,1,01,202512,0,0,02,0,12,0.0,0.0,0.0,A62,
273991384,MAC-TIRE OF SKYE PIPES AND DRUMS,% SUZANNE KEMP,6104 TAYLOR RANCH RD NW,ALBUQUERQUE,NM,87120-2639,0000,03,3,1000,201103,1,16,000000000,1,01,202512,0,0,02,0,12,0.0,0.0,0.0,A68,
274362629,CALIENTE CHOIR INC,,PO BOX 613,BLANCO,NM,87412-0613,0000,03,3,1000,201103,1,15,000000000,1,01,202412,0,0,02,0,12,0.0,0.0,0.0,A6B,
274480786,LOS LUCEROS MILAGRO INITIATIVE,% STEVEN ROBINSON,2500 SAWMILL RD APT 225,SANTA FE,NM,87505-5686,0000,03,3,1200,201207,1,15,000000000,1,01,202512,0,0,02,0,12,0.0,0.0,0.0,A31,
274610591,SPANISH DANZART SOCIETY,% STEPHANIE RAMIREZ,1002 CAMINO DEL GUSTO,SANTA FE,NM,87507-5167,0000,03,3,2000,201302,1,15,000000000,1,01,202412,4,5,01,0,12,201249.0,547689.0,547689.0,A40,
275396643,NEW MEXICO DULCIMER ASSOCIATION,% DEBRA FORTESS,PO BOX 11722,ALBUQUERQUE,NM,87192-0722,0000,03,3,2000,201202,1,16,000000000,1,01,202412,0,0,02,0,12,0.0,0.0,0.0,A20,
300001693,NEW MEXICO BRANCH ROYAL SCOTTISH COUNTRY DANCE SOCIETY INC,% JOHN ULLMANN,2213 LOMA LINDA DR,LOS ALAMOS,NM,87544-2772,0000,03,3,1200,200204,1,16,000000000,1,01,202503,0,0,02,0,03,0.0,0.0,0.0,A62,
300046578,LIVING TREASURES OF LOS ALAMOS INC,% KYLE WHEELER,PO BOX 1065,LOS ALAMOS,NM,87544-1065,0000,03,3,2000,200512,1,15,000000000,1,01,202512,0,0,02,0,12,0.0,0.0,0.0,A80,
300275618,SILVER BULLET PRODUCTIONS,% SAMUEL M KANE,38 CALLE VENTOSO W,SANTA FE,NM,87506-7732,0000,03,3,2100,200503,1,15,000000000,1,01,202412,4,4,01,0,12,316788.0,140244.0,133331.0,A32,
300356462,TAOS FALL ARTS FESTIVAL INC,% PAUL FIGUEROA,PO BOX 675,TAOS,NM,87571-0675,0000,03,3,1200,201502,1,15,000000000,1,01,202412,3,3,01,0,12,39397.0,55024.0,55024.0,A40,
300385228,NORTHERN NEW MEXICO QUILT GUILD,% JUDY JOHNSON,3 ESCOPETA PL,SANTA FE,NM,87506-7743,0000,03,3,2000,200709,1,16,000000000,1,01,202412,0,0,02,0,12,0.0,0.0,0.0,A99,
300509559,ALBUQUERQUE SOCIETY OF HO MODULE ENGINEERS,% MICHAEL G ERICK TREASURER,6708 CHRISTY AVE NE,ALBUQUERQUE,NM,87109-4000,0000,03,3,1200,200904,1,15,000000000,1,01,202412,1,1,02,0,12,4186.0,6337.0,6337.0,A50,
311566849,GUILDS OF THE SANTA FE OPERA INC,% SUSAN BENEDETTI & BARBARA CREWS,314 S GUADALUPE ST # 111,SANTA FE,NM,87501-2614,8229,03,9,2000,199706,1,16,000000000,1,01,202109,0,0,02,0,09,0.0,0.0,0.0,A6AZ,TAOS OPERA GUILD
311566854,GUILDS OF THE SANTA FE OPERA INC,% MARTHA BAKER,314 S GUADALUPE ST # 111,SANTA FE,NM,87501-2614,8229,03,9,2000,199706,1,16,000000000,1,01,202109,0,0,02,0,09,0.0,0.0,0.0,A110,SANTA FE OPERA GUILD
311566863,GUILDS OF THE SANTA FE OPERA INC,% SANDRA DONALDSON,PO BOX 14316,ALBUQUERQUE,NM,87191-4316,8229,03,9,2000,199706,1,16,000000000,1,01,202109,0,0,02,0,09,0.0,0.0,0.0,A6AZ,ALBUQUERQUE OPERA GUILD
311566868,GUILDS OF THE SANTA FE OPERA INC,% DOMINIC ROYBAL,PO BOX 14316,ALBUQUERQUE,NM,87191-4316,8229,03,9,2000,199706,1,16,000000000,1,01,202109,0,0,02,0,09,0.0,0.0,0.0,A6AZ,ESPANOLA OPERA GUILD
311593465,NEW MEXICO TERRITORIAL BRASS BAND,% RALPH B HARRIS,304 CALLE AMARILLO SW,ALBUQUERQUE,NM,87121-9300,0000,03,3,1000,201601,1,15,994088000,1,01,202512,0,0,02,0,12,0.0,0.0,0.0,A68,
311632062,TIBETAN ASSOCIATION OF SANTA FE INC,% BETH R DAVENPORT,915 HICKOX ST,SANTA FE,NM,87505-1031,0000,03,3,1000,199904,1,15,000000000,1,01,202412,0,0,02,0,12,0.0,0.0,0.0,A60,
311645384,ACBL UNIT 380,% WILLIAM STEIN,1214 E MADRID AVE,LAS CRUCES,NM,88001-1931,0000,04,3,1000,199907,2,00,000000000,1,01,202412,0,0,02,0,12,0.0,0.0,0.0,A11,
311727612,THE CLOUDCROFT ART SOCIETY,% JOHN TIEMAN,PO BOX 1173,CLOUDCROFT,NM,88317-1173,0000,03,3,1000,200702,1,16,000000000,1,01,202512,0,0,02,0,12,0.0,0.0,0.0,A400,
311745441,RAILS INC,% GERALD W MADISON,1115 JEFFERSON ST SE,ALBUQUERQUE,NM,87108-4450,0000,03,3,1200,201308,1,15,000000000,1,01,202512,0,0,02,0,12,0.0,0.0,0.0,A80,
320016049,BALI ART PROJECT,% GAYLON DUKE,46 OLD AGUA FRIA RD W,SANTA FE,NM,87508-5948,0000,03,3,2000,200211,1,16,000000000,1,01,202312,0,0,02,0,12,0.0,0.0,0.0,A20,
320374260,NEW MEXICO ADVOCATES FOR THE ARTS INC,,PO BOX 938,LAS CRUCES,NM,88004-0938,0000,03,3,1000,201402,1,16,000000000,1,01,202506,3,3,01,0,06,31754.0,71861.0,71861.0,A20,
320374786,VALENCIA COUNTY HISTORICAL SOCIETY,% ROBERTA SCOTT,PO BOX 245,LOS LUNAS,NM,87031-0209,0000,03,3,1000,201307,1,15,000000000,1,01,202312,0,0,02,0,12,0.0,0.0,0.0,A80,
320524750,POTTERS GUILD OF LAS CRUCES,,PO BOX 3656,LAS CRUCES,NM,88003-3656,0000,03,3,1200,201705,1,15,000000000,1,01,202512,0,0,02,0,12,0.0,0.0,0.0,A90,
320589396,CROW NATION LANGUAGE CLUB,% JANICE L HUDETZ,5519 COMPADRE CT NE,ALBUQUERQUE,NM,87111-1543,0000,03,3,1200,202201,1,16,000000000,1,01,202512,0,0,02,0,12,0.0,0.0,0.0,A23,
330999247,ROSWELL ARTIST IN RESIDENTS FOUNDATION,% PAT KRAKAUSKAS,409 E COLLEGE BLVD,ROSWELL,NM,88201-7524,0000,03,3,1000,200307,1,03,000000000,1,01,202412,8,6,00,1,12,12914903.0,3209319.0,,A90,
331300490,FOUNDATION OF YOUTH ARTS,% JULIE WORMALD,800 E PINE ST,DEMING,NM,88030-7094,0000,03,3,2000,202410,1,15,000000000,1,01,202512,0,0,02,0,12,0.0,0.0,0.0,A25,
331626775,DORIS E JONES CREATIVE CENTERS INC,% GIONNE N RALPH,300 MENAUL BLVD NW STE 109,ALBUQUERQUE,NM,87107-1348,0000,03,3,1200,202510,1,15,000000000,1,01,,0,0,02,0,12,,,,A20,
332375034,THE BULLFIGHTERS BARRELMEN AND RODEO CLOWNS MUSEUM,% MARY JO FRANKS,PO BOX 335,DORA,NM,88115-0335,0000,03,3,2000,202507,1,16,000000000,1,01,202512,0,0,02,0,12,0.0,0.0,0.0,A50,
332401957,INDIGENIA FOUNDATION INC,% LEGAL DEPARTMENT,126 MATEO CIR N,SANTA FE,NM,87505-4030,0000,03,3,1000,202503,1,15,000000000,1,01,202412,0,0,02,0,12,0.0,0.0,0.0,A23,INDIGENIA
332420493,CHAPS ENTERTAINMENT,,304 ARGELIA DR,CHAPARRAL,NM,88081-7565,0000,03,3,1000,202412,1,15,000000000,1,01,,0,0,02,0,12,,,,A99,
332509258,RIVERGHOST INC,,23 VISTA DEL CERRO,SANTA FE,NM,87508-9301,0000,03,3,2000,202501,1,15,000000000,1,01,202412,0,0,02,0,12,0.0,0.0,0.0,A30,
332521313,ROOTS AND WINGS COMMUNITY MUSIC SCHOOL INC,,3501 CAMPUS BLVD NE,ALBUQUERQUE,NM,87106-1311,0000,03,3,1000,202507,1,16,000000000,1,01,202507,0,0,02,0,07,0.0,0.0,0.0,A68,
332539000,WEST AFRICAN CALLIGRAPHY INSTITUTE,% NICHOLAS PELAFAS,PO BOX 253,PECOS,NM,87552-0253,0000,03,3,1200,202501,1,16,000000000,1,01,202512,0,0,02,0,12,0.0,0.0,0.0,A25,
332596979,NEW MEXICO STATE POLICE MUSEUM,,173 SANDZEN DR,CLOVIS,NM,88101-2315,0000,03,3,2000,202504,1,15,000000000,1,01,202512,0,0,02,0,12,0.0,0.0,0.0,A50,
332612546,NM LAP ROBES FOR VETERANS,% JOHN T BAERMAN,1852 SMARTY JONES ST SE,ALBUQUERQUE,NM,87123-2397,0000,03,3,1000,202506,1,15,000000000,1,01,202512,0,0,02,0,12,0.0,0.0,0.0,A70,JOHN T BAERMAN SOLE MBR
332652574,MARY M COUPENS READING ENDOWMENT,% ANNETTE DAVIS,29 CALLE ARROYO,PLACITAS,NM,87043-0000,0000,03,3,1230,202507,1,04,000000000,1,01,202512,1,1,00,1,12,1.0,5100.0,,A23,
332730625,MIGLIO FOUNDATION INC,,338 JUAN MEDINA RD,CHIMAYO,NM,87522-4014,0000,03,3,2000,202501,1,15,000000000,1,01,202512,0,0,02,0,12,0.0,0.0,0.0,A20,
332761205,ARTISTS OF PICACHO HILLS,% DONNA POPKY,7087 CALLE ESTANCIAS,LAS CRUCES,NM,88007-8818,0000,03,3,1200,202502,1,16,000000000,1,01,202512,0,0,02,0,12,0.0,0.0,0.0,A20,
332814604,RACE AMITY PROJECT OF NEW MEXICO,% CONNIE KNUDSON,6605 FLYNN AVE NW,ALBUQUERQUE,NM,87120-2086,0000,03,3,2000,202501,1,16,000000000,1,01,202512,0,0,02,0,12,0.0,0.0,0.0,A23,
332995271,PLEASED TO PRESENT INC,% CLARA WILLIAMS,437 MAPLE ST NE,ALBUQUERQUE,NM,87106-4559,0000,03,3,2000,202501,1,15,000000000,1,01,202512,0,0,02,0,12,0.0,0.0,0.0,A20,PLEASED TO PRESENT
333035371,SANCTUARY ARTS ALLIANCE INC,% ANNIE CLAY,749 DIANE AVE,LAS VEGAS,NM,87701-4909,0000,03,3,2000,202507,1,16,000000000,1,01,202501,0,0,02,0,01,0.0,0.0,0.0,A60,
333163372,NMSPF1000,% SUNBURN,PO BOX 26204,ALBUQUERQUE,NM,87125-6204,0000,03,3,1000,202602,1,15,000000000,1,01,,0,0,02,0,12,,,,A20,
333204550,REBEL MUSIC THEATRE,,2506 YALE AVE,ALAMOGORDO,NM,88310-4539,0000,03,3,1000,202508,1,15,000000000,1,01,,0,0,02,0,12,,,,A65,
333269508,TAOS 48 HOUR FILM CHALLENGE,% DANI LOUMENA,405 CAMINO DE LA PLACITA APT 1A,TAOS,NM,87571-7501,0000,03,3,2000,202505,1,16,000000000,1,01,202512,0,0,02,0,12,0.0,0.0,0.0,A31,
333287896,KINGS HOUSE THEATRE,% CARLETTA BRADLEY,5508 SABROSA DR NE,ALBUQUERQUE,NM,87111-1751,0000,03,3,1270,202502,1,04,000000000,1,01,,0,0,00,1,12,,,,A60,
333374756,CIELO AZUL ELEMENTARY SCHOOL PARENT TEACHER ORGANIZATION,% LISA ROBLES,3804 SHILOH RD NE,RIO RANCHO,NM,87144-2548,0000,03,3,1000,202508,1,16,000000000,1,01,202506,0,0,02,0,06,0.0,0.0,0.0,A12,CAE PTO
333382944,SANTA ROSA COMMUNITY ARTS,% LYDIA PHILLIPS,1041 PECOS AVE,SANTA ROSA,NM,88435-2707,0000,03,3,2000,202502,1,16,000000000,5,01,202512,0,0,02,0,12,0.0,0.0,0.0,A51,
333464911,NEW MEXICO ROUTE 66 ALLIANCE INC,,14305 CENTRAL AVE NW,ALBUQUERQUE,NM,87121-7704,0000,03,3,1000,202508,1,15,000000000,1,01,,0,0,02,0,09,,,,A82,
333699563,BELEN INTENSITY BAND,% BELEN INTENSITY BAND,1619 W DELGADO AVE,BELEN,NM,87002-2805,0000,03,3,2000,202507,1,15,000000000,5,01,,0,0,02,0,05,,,,A6C,
333821281,THE ETKIE FOUNDATION,,1029 MATADOR DR SE,ALBUQUERQUE,NM,87123-4222,0000,03,3,1000,202504,1,15,000000000,1,01,,0,0,02,0,12,,,,A23,
333837255,ALBUQUERQUE URBAN INDIGENOUS CENTER,% ROBERT,PO BOX 26244,ALBUQUERQUE,NM,87125-6244,0000,03,3,1000,202504,1,15,000000000,1,01,202512,0,0,02,0,12,0.0,0.0,0.0,A23,
333885705,WEIRD BIRD MUSIC SCHOOL,% ARIELLE VAKNI,PO BOX 1920,EL PRADO,NM,87529-1920,0000,03,3,1200,202506,1,16,000000000,1,01,,0,0,02,0,12,,,,A6E,
334103869,ASCEND ADVANCE INC,% FERDI SERIM,11 PALACIO RD,SANTA FE,NM,87508-2249,0000,03,3,1200,202505,1,16,000000000,1,01,,0,0,02,0,12,,,,A99,
334142236,FRIENDS OF CHROMA,% PATRICK HIBBARD,6105 ZIMMERMAN AVE NE,ALBUQUERQUE,NM,87110-5924,0000,03,3,1200,202505,1,16,000000000,1,01,,0,0,02,0,12,,,,A20,
334355511,ESPANOLA LOWRIDER PHENOMENA,% ERIC F LUCERO,1003 CALLE RAMON ESPINOSA,ESPANOLA,NM,87532-8094,0000,03,3,1800,202506,1,15,000000000,1,01,,0,0,02,0,12,,,,A20,
334377810,BALLET FOLKLORICO FIESTA MEXICANA,% DAVID NICASIO,PO BOX 27277,ALBUQUERQUE,NM,87125-7277,0000,03,3,2000,202506,1,16,000000000,1,01,,0,0,02,0,12,,,,A20,
334536089,PROJECT OTRO,% NATHAN SMITH,2226 CALLE DE GUADALUPE,MESILLA,NM,88046-0000,0000,03,3,1000,202506,1,15,000000000,1,01,202512,0,0,02,0,12,0.0,0.0,0.0,A20,
334597211,REAL HISTORY BOOK CLUB INC,% BRANDON JOHNSON,559 PALO ALTO DR NE,RIO RANCHO,NM,87124-4744,0000,03,3,2000,202506,1,16,000000000,1,01,202510,0,0,02,0,10,0.0,0.0,0.0,A70,
334621650,FIND YOUR LIGHT PRODUCTIONS,% MICHELLE EILAND,1209 MOUNTAIN ROAD PL NE 6190,ALBUQUERQUE,NM,87110-7845,0000,03,3,1200,202508,1,15,000000000,1,01,,0,0,02,0,12,,,,A99,
334820373,NEW MEXICO JEWISH HISTORY MUSEUM INC,,5520 WYOMING BLVD NE,ALBUQUERQUE,NM,87109-3238,0000,03,3,1000,202511,1,15,000000000,1,01,,0,0,01,0,12,,,,A54,
334833874,SANTA FE MUSICAL THEATRE,% ADAM WAGNER,1694 CALLE DE ORIENTE NORTE,SANTA FE,NM,87507-5120,0000,03,3,2000,202506,1,15,000000000,1,01,,0,0,02,0,12,,,,A60,
334842038,ART WILL SAVE THE WORLD CORP,% WILLIAM GENTRY,5009 LARCHMONT DR NE,ALBUQUERQUE,NM,87111-2940,0000,03,3,2000,202508,1,16,000000000,1,01,202512,0,0,02,0,12,0.0,0.0,0.0,A25,
334936349,RATON ART SPACE,% JACOB BLACKWELL,1022 S 2ND ST,RATON,NM,87740-2304,0000,03,3,1200,202512,1,16,000000000,1,01,,0,0,02,0,11,,,,A20,RATON ART SPACE - A COMMUNITY STUDI
342002506,DOS GATOS PRESS,% DAVID MEISCHEN,6452 KOLA CT NW,ALBUQUERQUE,NM,87120-4285,0000,03,3,1000,200504,1,16,000000000,1,01,202412,0,0,02,0,12,0.0,0.0,0.0,A70,
342038566,FILIPINO AMERICAN FOUNDATION OF NEW MEXICO,% LIGAYA WHITE,PO BOX 94146,ALBUQUERQUE,NM,87199-4146,0000,03,3,1200,200607,1,15,000000000,1,01,202507,0,0,02,0,07,0.0,0.0,0.0,A23,
352179354,HILL-SKY FOUNDATION FOR THE CULTURAL ARTS,% DAVID HILLENDAHL,98 ENTRADA LA CIENEGA,SANTA FE,NM,87507-4370,0000,03,3,1000,200212,1,16,000000000,1,01,202412,0,0,02,0,12,0.0,0.0,0.0,A25,
352253800,G L A S FOUNDATION,% BRUCE BANNERMAN,4 CIBOLA CIR,SANTA FE,NM,87505-9005,0000,03,3,1200,200507,1,15,000000000,1,01,202412,0,0,02,0,12,0.0,0.0,0.0,A40,
352285824,INTERNATIONAL FOLK ART ALLIANCE INC,% J EDD STEPP JR,620 CERRILLOS RD,SANTA FE,NM,87505-3028,0000,03,2,1200,200711,1,16,000000000,1,01,202412,7,6,01,0,12,8145589.0,3378676.0,3009886.0,A24,IFAA
352351909,CIBOLA COUNTY HISTORICAL SOCIETY,% JACKIE HEATH,PO BOX 346,GRANTS,NM,87020-0346,0000,03,3,1000,201210,1,15,000000000,1,01,202506,0,0,02,0,06,0.0,0.0,0.0,A80,
352369905,CLEVELAND HIGH SCHOOL BASEBALL BOOSTERS,% GINA CARLIN,4800 LABAN RD NE,RIO RANCHO,NM,87144-1607,0000,03,3,1000,201003,1,15,000000000,1,01,202506,0,0,02,0,06,0.0,0.0,0.0,A80,CHS BASEBALL BOOSTERS
352422156,CHAMBERCHOPS INC,% KAY YOEST,918 PIEDRA VISTA RD NE,ALBUQUERQUE,NM,87123-1948,0000,03,3,2100,201209,1,15,000000000,1,01,202412,0,0,02,0,12,0.0,0.0,0.0,A68,
352827359,ARTS HUB,% VANESSA BOWEN,1214 AMADO ST NW,ALBUQUERQUE,NM,87104-2679,0000,03,3,1000,202402,1,15,000000000,1,01,202506,3,4,01,0,06,38392.0,312429.0,312429.0,A02,
364524902,BELEN ART LEAGUE,% H LORRAINE DOTY,509 BECKER AVE,BELEN,NM,87002-3631,0000,03,3,1200,200307,1,15,000000000,5,01,202512,0,0,02,0,12,0.0,0.0,0.0,A20,
364663305,PARALLEL STUDIOS INC,,167 SOARING HAWK TRL,SANTA FE,NM,87508-1414,0000,03,3,1000,201102,1,15,000000000,1,01,202412,4,4,01,0,12,109253.0,202799.0,202799.0,A20,
364824215,ZIA SINGERS,% LYNN TRACEY,PO BOX 9528,SANTA FE,NM,87504-9528,0000,03,3,2000,201609,1,16,000000000,1,01,202412,3,3,01,0,12,62783.0,76054.0,76054.0,A6B,
364830653,ROCKY MOUNTAIN UKULELE ORCHESTRA,% GARY JUGERT,6523 KAAS TRAIL CT NE,ALBUQUERQUE,NM,87111-7114,0000,03,3,2000,201603,1,16,000000000,1,01,202312,0,0,02,0,12,0.0,0.0,0.0,A60,
371444560,SANTA FE INSTITUTE FOR NATIVE HISPANIC CULTURES,% MARIE CAMPOS,1529 LA CIENEGUITA,SANTA FE,NM,87507-5658,0000,03,3,2000,200505,1,15,000000000,1,01,202312,0,0,02,0,12,0.0,0.0,0.0,A20,
382812525,THEATRE GROTTESCO NORTH AMERICA INC,% JOHN FLAX,1000 CORDOVA ROAD STE 8400,SANTA FE,NM,87505-1884,0000,03,3,2000,198807,1,16,090000000,1,01,202412,4,3,01,0,12,110854.0,64747.0,64747.0,A65Z,
383978537,KINGSTON SCHOOLHOUSE MUSEUM,% BARBARA LOVELL,28 MAIN STREET,KINGSTON,NM,88042-0000,0000,03,3,2000,201510,1,16,000000000,5,01,202408,0,0,02,0,08,0.0,0.0,0.0,A54,
384103603,FEDERATION OF MID-SOUTH KOREAN ASSOCIATIONS,% KYONG KO,101 GREEN PASTURE CT,ANTHONY,NM,88021-8481,0000,03,3,1000,201903,1,16,000000000,1,01,202512,3,4,01,0,12,54043.0,110397.0,110397.0,A23,
392160264,ARTISTS SHAPING TOMORROW,% ALEXANDRA FRESQUEZ,6300 RIVERSIDE PLAZA LN NW STE 118,ALBUQUERQUE,NM,87120-2617,0000,03,3,1200,202507,1,15,000000000,1,01,202412,0,0,02,0,12,0.0,0.0,0.0,A90,
392402116,TUMBLEWEED RANCH PRODUCTIONS INC,% GARY BROWN,176 PRINCIPE DE PAZ,SANTA FE,NM,87508-9211,0000,03,3,1200,202510,1,15,000000000,1,01,,0,0,01,0,12,,,,A65,
392433298,SANCTUARY ARTISTRY,% MARIA GRISSINO,4 SAN FRANCISCO ST UNIT 2168,RNCH DE TAOS,NM,87557-4087,0000,03,3,1200,202507,1,15,000000000,1,01,202504,0,0,02,0,04,0.0,0.0,0.0,A26,
392483592,RAYENARI,,211 WILLOW AVE,ANTHONY,NM,88021-8607,0000,03,3,2000,202508,1,15,000000000,2,01,,0,0,02,0,06,,,,A20,
392524512,ANDEAN TEXTILE ARTS II,% MARILYN MURPHY,PMB 428 7 AVENIDA VISTA GRANDE B-7,SANTA FE,NM,87508-9207,0000,03,3,1000,202601,1,15,000000000,1,01,202512,0,0,02,0,12,0.0,0.0,0.0,A23,
392561058,505 SUZUKI COLLECTIVE,% RAFAEL RODRIGUES VIDEIRA,715 ALVARADO DR NE,ALBUQUERQUE,NM,87108-1647,0000,03,3,1200,202509,1,16,000000000,1,01,202507,0,0,02,0,07,0.0,0.0,0.0,A6E,
393163889,PERFORMERS OF THE MESILLA VALLEY,,3705 PIEDRAS NEGRAS DR,LAS CRUCES,NM,88012-7673,0000,03,3,1200,202508,1,15,000000000,1,01,202512,0,0,02,0,12,0.0,0.0,0.0,A25,
393217672,WIMIN,% HAVENS LEVITT,6339 GOLDFIELD PL NE,ALBUQUERQUE,NM,87111-8210,0000,03,3,1200,202508,1,16,000000000,1,01,202512,0,0,02,0,12,0.0,0.0,0.0,A20,
393226797,DESERT SPORTS LIVE,,31 ROAD 3628 UNIT A,AZTEC,NM,87410-9423,0000,03,3,1200,202511,1,15,000000000,1,01,,0,0,02,0,07,,,,A30,
393455212,ASSIGNMENT UNIVERSE INC,% MICHAEL DAWSON,9016 JASPER DR NE,ALBUQUERQUE,NM,87113-2071,0000,03,3,1200,202508,1,16,000000000,1,01,202512,0,0,02,0,12,0.0,0.0,0.0,A99,
393778668,RAINDROP FOUNDATION-ALBUQUERQUE,,7901 MOUNTAIN RD NE STE A,ALBUQUERQUE,NM,87110-7842,0000,03,3,1000,202511,1,15,000000000,1,01,,0,0,01,0,12,,,,A23,
393922597,ALBUQUERQUE QUEER WEST COAST SWING INC,,9125 COPPER AVE NE APT 318,ALBUQUERQUE,NM,87123-1004,0000,03,3,1200,202509,1,16,000000000,1,01,202508,0,0,02,0,08,0.0,0.0,0.0,A62,ABQUEER WCS
393968426,CLUB HOLISTICO LAS DAMAS VIOLETA LL C,,7721 BASSWOOD DR NW,ALBUQUERQUE,NM,87120-4062,0000,03,3,1000,202511,1,15,000000000,1,01,202512,0,0,02,0,12,0.0,0.0,0.0,A27,
394629447,COMMUNITIES OF QUESTA MARIACHI,% RACHEL LEON,108 HWY NM 378,CERRO,NM,87519-0000,0000,03,3,1200,202511,1,16,000000000,1,01,,0,0,02,0,06,,,,A25,MARIACHI QUESTA
412043621,BILLY THE KID SCENIC BY WAY INC,% JACKIE POWELL,201 OAK GROVE PL,RUIDOSO,NM,88345-9457,0000,03,3,1200,200212,1,15,000000000,1,01,202512,0,0,02,0,12,0.0,0.0,0.0,A80,
412069873,BRENHAM MAIN ST HISTORICAL PRESERVATION INC,% CANDACE CARMEAN,324 CALLE LOMA NORTE,SANTA FE,NM,87501-1279,0000,03,3,1000,200303,1,15,000000000,1,01,202412,7,2,02,0,12,7213621.0,13900.0,13900.0,A80,
412156354,NEW MEXICO MASS CHOIR,% ROSALIND JONES,PO BOX 30104,ALBUQUERQUE,NM,87190-0104,0000,03,3,1000,200802,1,15,000000000,1,01,202412,0,0,02,0,12,0.0,0.0,0.0,A6B,
412421623,JUNIPER PERFORMING ARTS FOUNDATION,,200 W ARRINGTON ST,FARMINGTON,NM,87401-6239,0000,03,3,1200,202512,1,16,000000000,1,01,,0,0,02,0,12,,,,A60,
413172576,TINKERTOWN MUSEUM,% TANYA WARD GOODMAN,121 SANDIA CREST RD,SANDIA PARK,NM,87047-2415,0000,03,3,1200,202602,1,16,000000000,1,01,202512,0,0,02,0,12,0.0,0.0,0.0,A20,
413504883,FIESTA DE TAOS,,PO BOX 3300,TAOS,NM,87571-3300,0000,03,3,1200,202601,1,16,000000000,1,01,,0,0,02,0,12,,,,A23,
413531042,SALAD BOWL AMERICA CULTURAL FOUNDATION,% BRYNT JOHNSON,300 MENAUL BLVD NW STE A PMB 440,ALBUQUERQUE,NM,87107-1347,0000,03,3,2300,202601,1,15,000000000,1,01,,0,0,02,0,12,,,,A23,
413651002,WALKING IN BEAUTY INCORPORATED,,831 NAVAJO LN SE,RIO RANCHO,NM,87124-3012,0000,03,3,1200,202603,1,15,000000000,1,01,,0,0,02,0,12,,,,A23,
413971353,WEST END PRODUCTIONS OF NEW MEXICO,% COLLEEN MCCLURE,203 MARIQUITA RD,CORRALES,NM,87048-8238,0000,03,3,1200,202604,1,15,000000000,1,01,,0,0,01,0,12,,,,A65,
414211688,CRAFTAHOLICS,% ABBY GREEN,208 W YANKIE ST,SILVER CITY,NM,88061-5357,0000,03,3,1200,202603,1,15,000000000,1,01,,0,0,02,0,12,,,,A24,
414464310,ALBUQUERQUE BIENAL,,2412 MILES RD SE,ALBUQUERQUE,NM,87106-3224,0000,03,3,2000,202603,1,16,000000000,1,01,,0,0,02,0,12,,,,A20,
414646068,FIESTA DE TAOS FOUNDATION,% KATHLEEN Y BRANCHAL GARCIA,2 POPLAR RD,TAOS,NM,87571-9410,0000,03,3,1200,202603,1,16,000000000,1,01,,0,0,02,0,06,,,,A82,
414910130,EAST MOUNTAIN OASIS,,PO BOX 455,MOUNTAINAIR,NM,87036-0455,0000,03,3,2000,202604,1,16,000000000,1,01,,0,0,02,0,12,,,,A50,
415164493,POPUPSHOW,,PO BOX 1884,BELEN,NM,87002-1884,0000,03,3,1000,202604,1,16,000000000,1,01,,0,0,02,0,12,,,,A68,
421028888,THE CATALYST CLUB INC,% ART BAR,3905 SIMMS AVE SE,ALBUQUERQUE,NM,87108-4337,0000,07,3,1000,201307,2,00,000000000,1,01,,0,0,00,0,06,,,,A12,
421694104,PECOS VALLEY JAZZ AND ARTS FESTIVAL,,400 W 3RD ST,ROSWELL,NM,88201-4627,0000,03,3,1000,200709,1,15,000000000,1,01,202412,3,4,01,0,12,68826.0,100222.0,100222.0,A68,
450533589,WOODSON FOUNDATION,% JOAN W WATTS,2000 OLD PECOS TRL,SANTA FE,NM,87505-4707,0000,03,3,1000,200403,1,04,000000000,2,01,202412,1,1,00,1,12,6759.0,3.0,,A40,
450541478,PUEBLO DE ABIQUIU LIBRARY AND CULTURAL CENTER,% SABRA MOORE,PO BOX 838,ABIQUIU,NM,87510-0838,0000,03,3,1000,200709,1,15,000000000,1,01,202412,4,3,01,0,12,196036.0,64640.0,64640.0,A23,
450553498,NEW MEXICO PRESENTERS ALLIANCE,% NEAL COPPERMAN,97 POLVADERA RD,POLVADERA,NM,87828-1004,0000,03,3,1000,201004,1,16,000000000,1,01,202412,0,0,02,0,12,0.0,0.0,0.0,A20,NMPA
450935775,MUSEUM OF THE AMERICAN MILITARY FAMILY AND LEARNING CENTER,% CIRCE WOESSNER,PO BOX 5651,ALBUQUERQUE,NM,87185-5651,0000,03,3,2000,201202,1,15,000000000,1,01,202512,0,0,02,0,12,0.0,0.0,0.0,A50,
451587275,NEW HORIZONS SYMPHONY AT NEW MEXICO STATE UNIVERSITY,% HEATHER D PFEIFFER,PO BOX 773,LAS CRUCES,NM,88004-0773,0000,03,3,1000,201106,1,16,000000000,1,01,202406,0,0,02,0,06,0.0,0.0,0.0,A69,
452454772,REVERENCE FOUNDATION INC,% ZANA BRISKI,37 PINE POINT TRL,SILVER CITY,NM,88061-9212,0000,03,3,1200,201109,1,15,000000000,1,01,202512,0,0,02,0,12,0.0,0.0,0.0,A50,
452459893,MOVING ARTS ESPANOLA,% ELAINE HAUSMAN,PO BOX 505,VELARDE,NM,87582-0505,0000,03,3,1200,201303,1,15,000000000,1,01,202412,5,5,01,0,12,564393.0,902552.0,900318.0,A62,
452591227,CARDBOARD PLAYHOUSE THEATRE COMPANY,,100 GOLD AVE SW STE 112,ALBUQUERQUE,NM,87102-3475,0000,03,3,1000,201202,1,16,000000000,1,01,202506,4,4,01,0,06,433252.0,391296.0,391296.0,A65,
452614350,PASSION FISH PRODUCTIONS INC,% MYRA DALLAND,3B CAMINO MIGUEL,SANTA FE,NM,87506-0248,0000,03,3,2300,201503,1,16,000000000,1,01,202512,0,0,02,0,12,0.0,0.0,0.0,A20,
453023180,NEW MEXICO CROCHET GUILD,,PO BOX 36994,ALBUQUERQUE,NM,87176-6994,0000,03,3,2000,201404,1,16,000000000,5,01,202312,0,0,02,0,12,0.0,0.0,0.0,A25,
453073985,ON Q CHORUS,% CECILIA BROOKE CHOLKA,PO BOX 26005,ALBUQUERQUE,NM,87125-6005,0000,03,3,1000,201201,1,15,000000000,1,01,202412,0,0,02,0,12,0.0,0.0,0.0,A6B,
453086538,SANTA FE MARIMBA FESTIVAL INC,% SAM LUNT,21 RUTA SIN NOMBRE,SANTA FE,NM,87507-8651,0000,03,3,2000,201209,1,15,000000000,1,01,202512,0,0,02,0,12,0.0,0.0,0.0,A23,
453134264,TRADITIONAL CULTURES PROJECT,% MICHAEL BENANAV,PO BOX 387,DIXON,NM,87527-0387,0000,03,3,2000,201207,1,15,000000000,1,01,202512,0,0,02,0,12,0.0,0.0,0.0,A23,
453205498,NEW MEXICO MILITARY MUSEUM FOUNDATION INC,% KENNETH NAVA,1050 OLD PECOS TRL,SANTA FEL,NM,87505-2688,0000,03,3,1000,201205,1,15,000000000,1,01,202506,3,3,01,0,06,87735.0,52666.0,52666.0,A12,NMNGBMF
453455248,GREATER LAS CRUCES CHAMBER HERITAGE FOUNDATION,% BILL ALLEN,150 E LOHMAN AVE,LAS CRUCES,NM,88001-3661,0000,03,3,1200,201211,1,15,000000000,1,01,202412,6,3,02,0,12,1957883.0,44060.0,44060.0,A82,
453643206,AIRDANCE NEW MEXICO INC,% JOANNA FURGAL,3300 PRINCETON DR NE STE N1,ALBUQUERQUE,NM,87107-2046,0000,03,3,1000,201411,1,16,000000000,1,01,202512,3,4,01,0,12,27749.0,185487.0,184577.0,A62,
453733690,NEW MEXICO PERFORMING ARTS SOCIETY,% LINDA MARIANIELLO,500 RODEO RD,SANTA FE,NM,87505-6378,0000,03,3,1000,201406,1,16,000000000,1,01,202406,3,4,01,0,06,48960.0,108738.0,108738.0,A6C,
453951868,CHACO CULTURE CONSERVANCY,,PO BOX 1415,AZTEC,NM,87410-1415,0000,03,3,1000,201602,1,15,000000000,1,01,202412,3,3,02,0,12,94238.0,35556.0,35556.0,A11,
454005251,ORCHESTRA OF DISCOVERY,% DAVID OBERG,1813 CALIFORNIA ST NE,ALBUQUERQUE,NM,87110-5938,0000,03,3,1000,201704,1,15,000000000,1,01,202506,0,0,02,0,06,0.0,0.0,0.0,A68,
454011138,NEW MEXICO IN DEPTH INC,,6937 MERLOT DR NE,RIO RANCHO,NM,87144-0855,0000,03,3,1000,201410,1,15,000000000,1,01,202412,5,4,01,0,12,658722.0,469421.0,469421.0,A33,
454279340,BOOK ARTS GROUP OF SANTA FE,% ANDREA GROSS,PO BOX 4332,SANTA FE,NM,87502-4332,0000,03,3,1000,201906,1,16,000000000,1,01,202412,0,0,02,0,12,0.0,0.0,0.0,A20,
454424928,HIDALGO COUNTY HERITAGE SOCIETY,% EDMUND V SAUCEDO,324 W RAILWAY BLVD,LORDSBURG,NM,88045-1808,0000,03,3,1000,201303,1,15,000000000,1,01,202506,0,0,02,0,06,0.0,0.0,0.0,A80,
454621293,FORT BAYARD RESTORATION AND DEVELOPMENT COALITION,% MARY ALICE MURPHY,PO BOX 807,SILVER CITY,NM,88062-0807,0000,03,3,1000,201306,1,15,000000000,1,01,202412,0,0,02,0,12,0.0,0.0,0.0,A80,
454949480,MIMBRES BOOSTER CLUB,% CAROL PARRA,PO BOX 521,MIMBRES,NM,88049-0521,0000,03,3,1260,202508,1,15,000000000,1,01,,0,0,02,0,12,,,,A27,
455019509,CLAN MAITLAND SOCIETY OF NORTH AMERICA,% CAROLYN M DOBBS,3200 ANN CIR SE,RIO RANCHO,NM,87124-1922,0000,03,3,2000,201301,1,15,000000000,1,01,202509,0,0,02,0,09,0.0,0.0,0.0,A80,
455301412,NEW MEXICO GAY MENS CHORUS,% BRENT CAREY,PO BOX 3822,ALBUQUERQUE,NM,87190-3822,0000,03,3,1200,201607,1,16,000000000,1,01,202506,3,4,01,0,06,67611.0,344098.0,344098.0,A6B,
455384659,NEW MEXICO ROUTE 66 MUSEUM,,PO BOX 66,TUCUMCARI,NM,88401-0066,0000,03,3,2000,202509,1,16,000000000,1,01,,0,0,02,0,12,,,,A82,
455639132,PO PAY SOCIETY,% NELSON ZINK,520 LOS PANDOS RD,TAOS,NM,87571-6674,0000,03,3,1000,201210,1,15,000000000,1,01,202506,0,0,02,0,06,0.0,0.0,0.0,A80,
460505347,AMERICAN INSTITUTE OF GRAPHIC ARTS,% BRANDI SEA HEFT-KNIFFIN,1008 CAMINO VISTA AURORA,SANTA FE,NM,87507-7834,9221,03,9,2000,199104,1,16,065000000,1,01,202312,0,0,02,0,12,0.0,0.0,0.0,A252,NEW MEXICO
460511384,WHITTLESEY HOUSE PRESERVATION,% THOM WRIGHT,201 HIGHLAND PARK CIR SE,ALBUQUERQUE,NM,87102-3632,0000,03,3,1000,200510,1,15,000000000,1,01,202601,0,0,02,0,01,0.0,0.0,0.0,A80,
460734534,CONERT BAND OF THE SOUTHWEST,% CHUCK GERHEART,PO BOX 754,TYRONE,NM,88065-0754,0000,03,3,1200,201312,1,15,000000000,1,01,202412,0,0,02,0,12,0.0,0.0,0.0,A6C,
460906892,HEALING HARPS INC,% JULIE ANNE RABENS,6550 ANASAZI RIDGE AVE NW,ALBUQUERQUE,NM,87114-6118,0000,03,3,1000,201907,1,16,000000000,1,01,202412,0,0,02,0,12,0.0,0.0,0.0,A68,
461009753,ROCK AND RHYTHM FOUNDATION,% ROBB JANOV,3805 ARLOTE AVE SE,ALBUQUERQUE,NM,87108-2694,0000,03,3,2000,201302,1,15,000000000,1,01,202406,0,0,02,0,06,0.0,0.0,0.0,A68,
461228334,OUT OF EDEN WALK,% PAUL F SALOPEK II,212 E BERGER ST,SANTA FE,NM,87505-2612,0000,03,3,1000,201302,1,15,000000000,1,01,202412,4,5,01,0,12,223259.0,560097.0,560097.0,A80,
461355698,SAINT VRAIN MILL PRESERVATION AND HISTORICAL FOUNDATION,% MERLYN WITT,PO BOX 1282,MORA,NM,87732-1282,0000,03,3,1200,201408,1,15,000000000,1,01,202512,0,0,02,0,12,0.0,0.0,0.0,A80,
461632395,VALENCIA COUNTY AMATEUR RADIO ASSOCIATION INC,% PAUL RIDLEY,PO BOX 268,PERALTA,NM,87042-0268,0000,03,3,1000,201407,1,15,000000000,1,01,202406,0,0,02,0,06,0.0,0.0,0.0,A34,
461647866,SANTA FE WOODTURNERS INC,% ALAN BECKER,5921 CAMINO AZUL,SANTA FE,NM,87507-2732,0000,03,3,1000,201408,0,16,000000000,3,01,202512,0,0,02,0,12,0.0,0.0,0.0,A25,
461722832,CORRALES SOCIETY OF ARTISTS-NEW MEXICO ARTISTS MARKET,,PO BOX 3717,CORRALES,NM,87048-3717,0000,03,3,1200,201408,1,16,000000000,1,01,202412,3,3,02,0,12,46233.0,45757.0,45757.0,A20,CSA-NM ARTISTS MARKET
461810055,FRIENDS OF ARCHITECTURE SANTA FE,% TOM SPRAY,444 GALISTEO STREET,SANTA FE,NM,87501-2648,0000,03,3,2000,201407,1,15,000000000,1,01,202512,0,0,02,0,12,0.0,0.0,0.0,A20,
461978533,JUSTWRITE INCORPORATED,% DIAHNDRA GRILL,PO BOX 40177,ALBUQUERQUE,NM,87196-0177,0000,03,3,1000,201711,1,16,000000000,1,01,202412,0,0,02,0,12,0.0,0.0,0.0,A20,JUSTWRITE
462201830,CHOLLA AMATEUR REMOTE BASE ASSOCIATION,,8 TOWER LN,VIRDEN,NM,88045-8003,0000,03,3,1000,201801,1,16,000000000,1,01,202512,0,0,02,0,12,0.0,0.0,0.0,A34,
462242302,TELEPHONE MUSEUM OF NEW MEXICO,% GIGI GALASSINI,PO BOX 16174,ALBUQUERQUE,NM,87191-6174,0000,03,3,2000,201308,1,15,000000000,1,01,202512,0,0,02,0,12,0.0,0.0,0.0,A57,
462366019,MODERN QUILT GUILD INC,,5901 WYOMING BLVD NE STE J PMB 3003,ALBUQUERQUE,NM,87109-3873,6031,03,9,2000,201408,1,16,000000000,1,01,202412,0,0,02,0,12,0.0,0.0,0.0,A40,ALBUQUERQUE MODERN QUILT GUILD
462408253,NATIONAL PARKS ARTS FOUNDATION,% TANYA ORTEGA,NATIONAL PARKS ARTS FOUNDATION 101,SANTA FE,NM,87501-0000,0000,03,3,1000,201309,1,15,000000000,1,01,202412,2,4,01,0,12,20263.0,214695.0,214695.0,A25,
462523787,INTERNATIONAL LAND-SENSITIVE ART FOUNDATION,% EILEEN BRAZIEL,PO BOX 9270,SANTA FE,NM,87504-9270,0000,03,3,2000,201309,1,15,000000000,1,01,202212,0,0,02,0,12,0.0,0.0,0.0,A20,ILSAF
462645141,DARK CIRCLES CONTEMPORARY DANCE,% JOSHUA L PEUGH,3836 CASPIAN RD,LAS CRUCES,NM,88012-8021,0000,03,3,1000,201408,1,15,000000000,1,01,202508,0,0,02,0,08,0.0,0.0,0.0,A62,
462646943,COUNTRY DANCE & SONG SOCIETY INC,% LONNIE LUDEMAN,5085 ROCK HOUSE RD,LAS CRUCES,NM,88011-9395,9228,03,9,1000,199305,1,16,090000000,1,01,202512,0,0,02,0,12,0.0,0.0,0.0,A242,SOUTHERN NEW MEXICO MUSIC AND DANCE
462763023,RIO RANCHO CREATIVE CROSSROADS,% NEAL SHOTWELL,5033 WHITE OWL WAY NE,RIO RANCHO,NM,87144-0884,0000,03,3,1200,201406,1,15,000000000,1,01,202506,2,3,01,0,06,19975.0,70218.0,70218.0,A68,RIO RANCHO YOUTH CHORUS
462970710,ROUGH RIDER MOTORCYCLE RALLY INC,,PO BOX 51,LAS VEGAS,NM,87701-0051,0000,03,3,1000,201506,1,16,000000000,1,01,202512,0,0,02,0,12,0.0,0.0,0.0,A23,
463023123,WOMEN IN DESIGN,% AMY CHAVEZ,516 ATLANTIC AVE SW,ALBUQUERQUE,NM,87102-4111,0000,03,3,1200,201602,1,16,000000000,1,01,202412,0,0,02,0,12,0.0,0.0,0.0,A03,
463089699,NEW MEXICO FILM FOUNDATION,,313 CAMINO ALIRE STE 8,SANTA FE,NM,87501-2319,0000,03,3,1200,201412,1,15,000000000,1,01,202406,4,3,02,0,06,109839.0,30282.0,30282.0,A12,
463360674,ARROYO SECO LIVE,% JOHN HENDERSON,PO BOX 285,ARROYO SECO,NM,87514-0285,0000,03,3,1000,201409,1,15,000000000,1,01,202412,0,0,02,0,12,0.0,0.0,0.0,A68,
463390989,PROSPECT CHINESE ACADEMY,% LEI YANG,9600 RANCHITOS RD NE,ALBUQUERQUE,NM,87122-2532,0000,03,3,1200,201807,1,16,000000000,1,01,202407,0,0,02,0,07,0.0,0.0,0.0,A20,
463477900,AZTEC HIGHLAND GAMES CELTIC MUSIC FESTIVAL,% JESSICA POLATTY,1214 GILA CIR,AZTEC,NM,87410-2522,0000,03,3,1200,201501,1,15,000000000,1,01,202512,0,0,02,0,12,0.0,0.0,0.0,A20,
463626358,AFME FOUNDATION,% KIRA A SIPLER,9404 BEAR MOUNTAIN TRL NE,ALBUQUERQUE,NM,87113-1335,0000,03,3,1000,201407,1,16,000000000,1,01,202412,3,4,01,0,12,26324.0,116190.0,75080.0,A31,
463719366,CFILE FOUNDATION,% GARTH R CLARK,720 AVENIDA CASTELLANO,SANTA FE,NM,87501-8902,0000,03,3,2000,201410,1,15,000000000,1,01,202512,0,0,02,0,12,0.0,0.0,0.0,A25,
463953909,FRIENDS OF HISTORIC LINCOLN,% RORY MCMINN,PO BOX 83,LINCOLN,NM,88338-0083,0000,03,3,1000,201409,1,15,000000000,1,01,202410,0,0,02,0,10,0.0,0.0,0.0,A80,
464035584,YOUNG PROFESSIONALS FOR THE ARTS COLLECTIVE,% SARA MITCHELL,1705 N DELAWARE AVE,ROSWELL,NM,88201-3225,0000,03,3,1000,201505,1,15,000000000,1,01,202412,0,0,02,0,12,0.0,0.0,0.0,A20,
464146280,TAOS ONSTAGE,,PO BOX 966,RNCH DE TAOS,NM,87557-0966,0000,03,3,2000,201409,1,16,000000000,1,01,202506,3,3,01,0,06,65645.0,75895.0,75895.0,A65,
464410942,IRIDIUM MUSIC INCORPORATED,% ERIC LAU,1829 DAKOTA ST NE,ALBUQUERQUE,NM,87110-5945,0000,03,3,2000,201408,1,15,000000000,1,01,202512,0,0,02,0,12,0.0,0.0,0.0,A68,
464670469,TROPICS INCORPORATED,% RYANN BOSETTI,400 N BROADWAY ST,T OR C,NM,87901-2836,0000,03,3,1000,201409,1,16,000000000,1,01,202603,0,0,02,0,03,0.0,0.0,0.0,A20,
464964437,CATRON COUNTY HISTORICAL SOCIETY,% SALLY BLUM,PO BOX 263,QUEMADO,NM,87829-0263,0000,03,3,2000,201808,1,16,000000000,1,01,202512,0,0,02,0,12,0.0,0.0,0.0,A80,
465361266,SOUTHERN NEW MEXICO LIVING HISTORY FOUNDATION,% CRYSTAL SCHNEIDER,9545 HONDO RD,LAS CRUCES,NM,88012-6141,0000,03,3,1200,201505,1,15,000000000,1,01,202412,0,0,02,0,12,0.0,0.0,0.0,A12,
465671108,FRIENDS OF THE KLONDIKE CORRIDOR INC,% DONNA LARSEN,9455 WIND DANCER TRL,LAS CRUCES,NM,88011-9380,0000,03,3,1200,201412,1,15,000000000,1,01,202412,0,0,02,0,12,0.0,0.0,0.0,A80,
465769650,OLGA KERN INTERNATIONAL PIANO COMPETITION INC,% THOMAS C BIRD,PO BOX 14314,ALBUQUERQUE,NM,87191-4314,0000,03,3,1200,201501,1,15,000000000,1,01,202508,4,4,01,0,08,117428.0,151813.0,151813.0,A68,
470847442,LOS ALAMOS COMMUNITY WINDS,% HEIDI MORNING,PO BOX 33,LOS ALAMOS,NM,87544-0033,0000,03,3,1000,200207,1,16,000000000,1,01,202512,0,0,02,0,12,0.0,0.0,0.0,A6C,
470902734,MUSEUM OF ARCHAEOLOGY AND BIBLICAL HISTORY,,9833 WINDMILL RD NW,ALBUQUERQUE,NM,87114-5602,0000,03,3,1200,201904,1,15,000000000,1,01,202412,0,0,02,0,12,0.0,0.0,0.0,A51,
470910372,ENSEMBLE MUSIC NEW MEXICO,%,PO BOX 7464,ALBUQUERQUE,NM,87194-7464,0000,03,3,2000,200308,1,16,000000000,1,01,202408,6,5,01,0,08,1255686.0,754841.0,754841.0,A60,
470934273,AFROMUNDO,% LOIDA MARITZA PEREZ,2422 DORA AVE NW,ALBUQUERQUE,NM,87104-1511,0000,03,3,1000,200512,1,16,000000000,1,01,202406,3,4,01,0,06,63261.0,129209.0,129209.0,A23,
471002663,PIE TOWN RISING STARS,% PIE TOWN RISING STARS,PO BOX 703,PIE TOWN,NM,87827-0703,0000,03,3,2000,201504,1,15,000000000,1,01,202412,0,0,02,0,12,0.0,0.0,0.0,A20,
471101236,CLARK HULINGS FUND LLC,,1012 PLACITA DON ANDRES,SANTA FE,NM,87501-1249,0000,03,3,1000,201409,1,16,000000000,1,01,202412,3,1,02,0,12,35356.0,8713.0,8713.0,A40,
471136307,RT66 ARTS ALLIANCE,% SANDRA HOLZMAN,PO BOX 2014,EDGEWOOD,NM,87015-2014,0000,03,3,1200,201512,1,16,000000000,1,01,202512,0,0,02,0,12,0.0,0.0,0.0,A20,
471141987,SOUTHWEST NEW MEXICO ARTS CULTURE AND TOURISM,,PO BOX 2383,SILVER CITY,NM,88062-2383,0000,03,3,1000,201503,1,15,000000000,1,01,202412,2,4,01,0,12,21578.0,148483.0,148483.0,A20,
471314790,SANTA FE JAZZ,,2001 FORT UNION DR,SANTA FE,NM,87505-7536,0000,03,3,2000,201408,1,15,000000000,1,01,202412,2,3,01,0,12,12573.0,75748.0,75748.0,A60,
471340528,WAY WAY OFF-BROADWAY THEATRE COMPANY,% ANTHONY C SOUZA,608 WRANGLER RD,ROSWELL,NM,88201-8930,0000,03,3,1230,201411,1,16,000000000,1,01,202412,0,0,02,0,12,0.0,0.0,0.0,A65,
471480206,ART AMBASSADOR FOR A COLORFUL WORLD,,12 CLINT RD,TAOS,NM,87571-9523,0000,03,3,1000,201411,1,15,000000000,1,01,202512,0,0,02,0,12,0.0,0.0,0.0,A25,
471583307,HISPANIC ROUND TABLE DE NUEVO MEXICO,% RALPH ARELLANES,PO BOX 13418,ALBUQUERQUE,NM,87192-3418,0000,03,3,1200,201409,1,16,000000000,1,01,202512,1,3,01,0,12,1.0,53825.0,53825.0,A01,
471628454,ARTISTIC GIVING COUNCIL,% SCOT HENDERSON JONES,PO BOX 3065,TAOS,NM,87571-3065,0000,03,3,1000,201409,1,15,000000000,1,01,202512,0,0,02,0,12,0.0,0.0,0.0,A99,
471722318,UPSTART CROWS OF SANTE FE,% CARYL FARKAS,6 MONTE ALTO PL,SANTA FE,NM,87508-8816,0000,03,3,2000,201501,1,15,000000000,1,01,202512,3,3,01,0,12,49665.0,57945.0,57945.0,A99,
471972899,ALBUQUERQUE BARBERSHOP COMMUNITY CONSORTIUM,% JOSEPH VERTREES,32 EL GALLO RD,CEDAR CREST,NM,87008-9489,0000,03,3,1200,201504,1,16,000000000,5,01,202512,0,0,02,0,12,0.0,0.0,0.0,A6B,ABCC
472014845,ROCKY MOUNTAIN HAM RADIO NEW MEXICO INC,,PO BOX 20036,ALBUQUERQUE,NM,87154-0036,0000,03,3,1280,201502,1,15,000000000,1,01,202512,0,0,02,0,12,0.0,0.0,0.0,A34,
472057366,SANTA FE FILM INSTITUTE,% JACQUES PAISNER,418 MONTEZUMA AVENUE,SANTA FE,NM,87501-2579,0000,03,3,1000,201601,1,15,000000000,1,01,202412,3,4,01,0,12,50511.0,376019.0,376019.0,A31,
472285460,SILVER CITY COMMUNITY THEATRE,% PHYLLIS MCQUAIDE,PO BOX 402,SILVER CITY,NM,88062-0402,0000,03,3,1200,201503,1,16,000000000,1,01,202412,0,0,02,0,12,0.0,0.0,0.0,A65,
472719636,TAOS JAZZ BEBOP SOCIETY INC,% ERIC GLADSTONE,PO BOX 2044,TAOS,NM,87571-2044,0000,03,3,2000,201501,1,15,000000000,1,01,202512,2,4,01,0,12,17892.0,110652.0,110652.0,A68,
473091625,INSTITUTE FOR NATIVE NATIONS INC,,4604 ATLANTIC ST,FARMINGTON,NM,87402-1711,0000,03,3,1278,202402,1,15,000000000,1,01,202412,0,0,02,0,12,0.0,0.0,0.0,A19,
473189806,BRADBURY SCIENCE MUSEUM ASSOCIATION,,108 CENTRAL PARK SQUARE 208,LOS ALAMOS,NM,87544-4020,0000,03,3,1000,201512,1,16,000000000,1,01,202412,4,4,01,0,12,446188.0,409050.0,145203.0,A11,
473211153,HIGH DESERT BIG BAND,,500 NICKLAUS DR SE,RIO RANCHO,NM,87124-3484,0000,03,3,1200,201503,1,15,000000000,1,01,202512,0,0,02,0,12,0.0,0.0,0.0,A6C,
473644746,OUR LADY OF LIGHT HISTORIC FOUNDATION INC,,137 OLD LAMY TRL,LAMY,NM,87540-9515,0000,03,3,1000,201604,1,15,000000000,1,01,202512,0,0,02,0,12,0.0,0.0,0.0,A80,
473773518,LAS CRUCES COMMUNITY RADIO,% BRUCE A ERNST,121 WYATT DR STE 9,LAS CRUCES,NM,88005-2960,0000,03,3,1000,201606,1,15,000000000,1,01,202512,0,0,02,0,12,0.0,0.0,0.0,A34,
473803803,HOLT-SMITHSON FOUNDATION,% DIANE KARP,1000 CORDOVA PLACE 705,SANTA FE,NM,87505-1725,0000,03,3,2000,202406,1,03,000000000,1,01,202412,8,5,00,1,12,32863924.0,741932.0,,A11,
473852679,WINGS OVER THE BORDER,,PO BOX 1664,COLUMBUS,NM,88029-1664,0000,03,3,2000,201509,1,15,000000000,1,01,202212,0,0,02,0,12,0.0,0.0,0.0,A54,
473897020,GEORGIA AMERICAN REVOLUTION PRESERVATION ALLIANCE,% DAPHNE OWENS,PO BOX 542,RESERVE,NM,87830-0542,0000,03,3,1200,201606,1,15,000000000,1,01,202512,0,0,02,0,12,0.0,0.0,0.0,A80,
473905628,INTERMEDIA PROJECTS INC,% JACK OX,2710 HYDER AVE SE,ALBUQUERQUE,NM,87106-3033,0000,03,3,1200,201505,1,16,000000000,1,01,202512,0,0,02,0,12,0.0,0.0,0.0,A99,
473979026,LAS CRUCES UKES,,3944 SOMBRA MORADA RD,LAS CRUCES,NM,88012-0702,0000,03,3,2000,201703,1,16,000000000,1,01,202512,0,0,02,0,12,0.0,0.0,0.0,A68,
474070100,ENCHANTMENT HISTORICAL PRODUCTIONS,,1 LEBANON ARC,LAS CRUCES,NM,88005-3749,0000,03,3,2300,201510,1,16,000000000,1,01,202512,0,0,02,0,12,0.0,0.0,0.0,A20,
474258780,ALMA,% APPRENTICESHIPS FOR LEADERS,PO BOX 12885,ALBUQUERQUE,NM,87195-0885,0000,03,3,1000,201903,1,15,000000000,1,01,202412,3,4,01,0,12,58232.0,285360.0,285234.0,A6E,
474400214,NEW MEXICO ACTORS LAB,% ROBERT BENEDETTI,1213 PARKWAY DR STE B,SANTA FE,NM,87507-7260,0000,03,3,2000,201507,1,16,000000000,1,01,202506,4,4,01,0,06,143007.0,196910.0,196910.0,A65,
474625315,JULIAN GARCIA HERITAGE FOUNDATION,% EDWARD T GARCIA,PO BOX 26207,ALBUQUERQUE,NM,87125-6207,0000,03,3,2000,202104,1,03,000000000,1,01,202412,6,3,00,1,12,1182034.0,72000.0,,A51,
475118834,INCITE SHAKESPEARE COMPANY SANTA FE,% VINCENT FAUST,7 AV VISTA GRANDE B7 STE 489,SANTA FE,NM,87508-0000,0000,03,3,2300,201510,1,16,000000000,1,01,202512,3,4,01,0,12,38226.0,107975.0,107975.0,A99,DBA ISC SANTA FE INCITE SHAKES IN
475184504,VENERATION DANCE INC,% AMBER HOFFMAN,648 TROON DR SE,RIO RANCHO,NM,87124-2172,0000,03,3,2000,201511,1,16,000000000,1,01,202506,0,0,02,0,06,0.0,0.0,0.0,A70,
475282022,CREATIVE CARLSBAD,% JULIA V HEATON,102 S CANYON ST,CARLSBAD,NM,88220-5733,0000,03,3,1200,201606,1,15,000000000,1,01,202412,0,0,02,0,12,0.0,0.0,0.0,A25,
475341875,VIRUS THEATER,,PO BOX 1765,SILVER CITY,NM,88062-1765,0000,03,3,1230,201511,1,16,000000000,1,01,202412,0,0,02,0,12,0.0,0.0,0.0,A65,
475561266,ABQ CORO LUX,,1713 LAFAYETTE DR NE,ALBUQUERQUE,NM,87106-1003,0000,03,3,2000,201512,1,16,000000000,1,01,202406,2,4,01,0,06,16465.0,114901.0,114901.0,A6B,
475643427,WAY OF THE RAIN INC,,903 W ALAMEDA ST PMB 506,SANTA FE,NM,87501-1681,0000,03,3,1000,201608,1,15,000000000,1,01,202412,4,4,01,0,12,234455.0,262606.0,254606.0,A20,
481275323,ALLIANCE FOR LOCAL ECONOMIC PROSPERITY,,PO BOX 33132,SANTA FE,NM,87594-3132,0000,03,3,1000,200306,1,15,000000000,1,01,202412,4,4,01,0,12,101988.0,191706.0,191706.0,A60,
510143728,SWEET ADELINES INTERNATIONAL,% JUDY MOORE,12413 VIEW CT NE,ALBUQUERQUE,NM,87112-3654,1321,03,9,2000,195510,1,16,119059000,5,01,202504,4,4,01,0,04,175404.0,121829.0,121829.0,A6BZ,21 GOLDEN WEST REGION
510160714,GRANT COUNTY ART GUILD,% TOM VAUGHAN,316 N BULLARD ST,SILVER CITY,NM,88061-5310,0000,03,3,1200,200307,1,15,998000000,1,01,202412,3,4,01,0,12,58229.0,203514.0,45973.0,A20,
510202622,LA SOCIEDAD FOLKLORICA DE NUEVO MEXICO,% BERNADETTE LUCERO,PO BOX 24433,SANTA FE,NM,87502-9433,0000,03,3,2000,201503,1,16,119064000,1,01,202312,0,0,02,0,12,0.0,0.0,0.0,A23,
510561606,CHRISTOPHER FOUNDATION FOR THE ARTS,% SCOTT CHRISTOPHER,10 CUESTA LN,SANTA FE,NM,87508-8782,0000,03,3,2000,200704,1,03,000000000,1,01,202412,5,1,00,1,12,591046.0,8383.0,,A40,
510575116,GLASS ALLIANCE-NEW MEXICO,% DAVID GOLDHEIM,PO BOX 23823,SANTA FE,NM,87502-3823,0000,03,3,2000,200611,1,15,000000000,5,01,202509,0,0,02,0,09,0.0,0.0,0.0,A20,
510663478,PLEIN AIR PAINTERS OF NEW MEXICO INC,% ANITA BLYTHE,PO BOX 20503,ALBUQUERQUE,NM,87154-0503,0000,06,3,1000,200905,2,00,000000000,1,01,202512,0,0,02,0,12,0.0,0.0,0.0,A70,
521576349,ASSOCIATION FOR INFORMAL LOGIC & CRITICAL THINKING,% DONALD HATCHER,1012 CALLE DORTHIA,SANTA FE,NM,87506-9591,0000,03,3,1000,199011,1,15,123000000,5,01,202512,0,0,02,0,12,0.0,0.0,0.0,A99Z,AILACT
521757846,THE SHAKESPEARE GUILD INCORPORATED,,14 VIA SAN MARTIN,SANTA FE,NM,87506-7543,0000,03,3,1000,199202,1,15,123000000,1,01,202412,0,0,02,0,12,0.0,0.0,0.0,A99Z,
542149500,SANTA FE JIN,% SHIZUKO T KOBAYASHI,PO BOX 29903,SANTA FE,NM,87592-1903,0000,03,3,1000,200503,1,15,000000000,1,01,202512,0,0,02,0,12,0.0,0.0,0.0,A23,
562282616,EAST MOUNTAIN COMMUNITY THEATRE,,PO BOX 1697,CEDAR CREST,NM,87008-1697,0000,03,3,1200,201404,1,16,000000000,1,01,202512,0,0,02,0,12,0.0,0.0,0.0,A65,
562379701,DALI BALLET COMPANY,,143 EL PASO RD,RUIDOSO,NM,88345-6033,0000,03,3,1200,200310,1,15,000000000,1,01,202412,4,3,01,0,12,226014.0,94761.0,94761.0,A62,
562440106,VETERANS MEMORIAL PARK,% MAGGIE ALLEN,996 S BROADWAY ST,T OR C,NM,87901-3198,0000,03,3,1000,201308,1,15,000000000,1,01,202412,0,0,02,0,12,0.0,0.0,0.0,A80,
562545300,GILA MIMBRES COMMUNITY RADIO,% THE ORGAINIZATION,519B N BULLARD ST,SILVER CITY,NM,88061-5408,0000,03,3,1000,200802,1,15,000000000,1,01,202412,4,3,01,0,12,338807.0,95440.0,95440.0,A34,GMCR
562644410,AMP CONCERTS,,1013 VASSAR DR NE,ALBUQUERQUE,NM,87106-2630,0000,03,3,1000,200710,1,16,000000000,1,01,202412,6,6,01,0,12,3773335.0,1182562.0,1182562.0,A65,
576218067,DREAMS DRAMA DRUMS TR,% RONALD DANS,200 SUNNY SLOPE DR,SANTA FE,NM,87501-1644,0000,03,3,1200,200510,1,15,000000000,2,01,202512,0,0,02,0,12,0.0,0.0,0.0,A60,DANS RONALD TTEE
581485403,SWEET ADELINES INTERNATIONAL,% DONA BERARDINELLI,1819 BOLD RULER RD SE,ALBUQUERQUE,NM,87123-2386,1321,03,9,2000,195510,1,16,119000000,5,01,202504,0,0,02,0,04,0.0,0.0,0.0,A6B0,2119 ENCHANTED MESA SHOW CHAPTER
611471914,URASENKE NEW MEXICO ASSOCIATION,% MARY DEMEO,1737 55TH ST NW,ALBUQUERQUE,NM,87105-1049,0000,03,3,1200,200511,1,16,000000000,1,01,202512,0,0,02,0,12,0.0,0.0,0.0,A23,
611698669,AMIGOS DEL RANCHO LOS LUCEROS INC,% ANDRES V ROMERO,PO BOX 24,ALCALDE,NM,87511-0024,0000,03,3,1000,201411,1,15,000000000,1,01,202412,0,0,02,0,12,0.0,0.0,0.0,A80,
611766621,GALISTEO ART ASSOCIATION INC,% BARBARA SEILER,5637 STATE HIGHWAY 41 BOX 14,GALISTEO,NM,87540-9644,0000,03,3,2000,201508,1,16,000000000,1,01,202412,0,0,02,0,12,0.0,0.0,0.0,A20,
611997803,ABCS OF CREATIVE ARTS ACADEMY INCORPORATED,% MARIE JONES,209 CACTUS DR,CLOVIS,NM,88101-3333,0000,03,3,1230,202203,1,15,000000000,1,01,202512,0,0,02,0,12,0.0,0.0,0.0,A20,
650139010,DANCEARTS FOUNDATION INC,% ANDREA SEIDEL,605 RIDGE POINTE LN,SANTA FE,NM,87506-4509,0000,03,3,2000,199009,1,15,090000000,1,01,202509,0,0,02,0,09,0.0,0.0,0.0,A62Z,
651209701,CULTURAL ENERGY,% ROBIN COLLIER,112 CIVIC PLAZA DR,TAOS,NM,87571-6400,0000,03,3,1238,202303,1,15,000000000,1,01,202412,0,0,02,0,12,0.0,0.0,0.0,A30,
651294599,OSO VISTA RANCH,% MARGARET MERRILL,PO BOX 700,RAMAH,NM,87321-0700,0000,03,3,1000,200705,1,15,000000000,1,01,202506,1,0,02,0,06,1.0,0.0,0.0,A23,
680488709,SOL ARTS,% JEFF BENHAM,626 GIRARD BLVD NE,ALBUQUERQUE,NM,87106-2710,0000,03,3,1000,200204,1,15,000000000,1,01,202412,0,0,02,0,12,0.0,0.0,0.0,A20,
680493107,ARAWAKA INC,,PO BOX 278,RIBERA,NM,87560-0278,0000,03,3,2700,200208,1,15,000000000,1,01,202412,6,5,01,0,12,1438315.0,749500.0,507345.0,A23,
710885753,ALBUQUERQUE CONCERT BAND,% THOMAS SCHRIPSEMA,PO BOX 11205,ALBUQUERQUE,NM,87192-0205,0000,03,3,1200,201408,1,15,000000000,1,01,202412,0,0,02,0,12,0.0,0.0,0.0,A68,
710967585,MARIACHI SPECTACULAR,% BRIAN OCONNELL,6260 RIVERSIDE PLAZA LN NW STE A,ALBUQUERQUE,NM,87120-1707,0000,03,3,2000,200501,1,15,000000000,1,01,202412,4,4,01,0,12,265353.0,430288.0,430288.0,A68,
710976082,RIO RANCHO ART ASSOCIATION,% KANDACE GLASER,PO BOX 45445,RIO RANCHO,NM,87174-5445,0000,06,3,2000,201812,2,00,000000000,1,01,202512,0,0,02,0,12,0.0,0.0,0.0,A20,
